-- MySQL Administrator dump 1.4
--
-- ------------------------------------------------------
-- Server version	5.0.15-nt-max


/*!40101 SET @OLD_CHARACTER_SET_CLIENT=@@CHARACTER_SET_CLIENT */;
/*!40101 SET @OLD_CHARACTER_SET_RESULTS=@@CHARACTER_SET_RESULTS */;
/*!40101 SET @OLD_COLLATION_CONNECTION=@@COLLATION_CONNECTION */;
/*!40101 SET NAMES utf8 */;

/*!40014 SET @OLD_UNIQUE_CHECKS=@@UNIQUE_CHECKS, UNIQUE_CHECKS=0 */;
/*!40014 SET @OLD_FOREIGN_KEY_CHECKS=@@FOREIGN_KEY_CHECKS, FOREIGN_KEY_CHECKS=0 */;
/*!40101 SET @OLD_SQL_MODE=@@SQL_MODE, SQL_MODE='NO_AUTO_VALUE_ON_ZERO' */;


--
-- Create schema evolution_development
--

CREATE DATABASE /*!32312 IF NOT EXISTS*/ evolution_development;
USE evolution_development;

--
-- Table structure for table `evolution_development`.`investor_performances`
--

DROP TABLE IF EXISTS `investor_performances`;
CREATE TABLE `investor_performances` (
  `investor_id` int(10) NOT NULL default '0',
  `date` date NOT NULL default '0000-00-00',
  `pm_id` int(10) default NULL,
  `actualized_return` float(10,4) default NULL,
  `id` int(10) NOT NULL auto_increment,
  `after_cost_return` float(10,4) default NULL,
  PRIMARY KEY  (`id`),
  KEY `fk_ip_pm_id` (`pm_id`),
  KEY `Index_3` (`date`)
) ENGINE=MEMORY DEFAULT CHARSET=latin1 COMMENT='InnoDB free: 9216 kB; InnoDB free: 9216 kB; (`investor_id`) ';

--
-- Dumping data for table `evolution_development`.`investor_performances`
--

/*!40000 ALTER TABLE `investor_performances` DISABLE KEYS */;
INSERT INTO `investor_performances` (`investor_id`,`date`,`pm_id`,`actualized_return`,`id`,`after_cost_return`) VALUES 
 (216,'2005-09-06',4828,8.9402,4941,8.4402),
 (216,'2005-09-12',4828,1.7468,4942,1.7468),
 (216,'2005-09-19',4819,4.8061,4943,4.8061),
 (216,'2005-09-26',4819,0.4372,4944,0.4372),
 (216,'2005-10-03',4821,0.2264,4945,0.2264),
 (216,'2005-10-10',4821,-3.1097,4946,-3.1097),
 (216,'2005-10-17',4818,3.0741,4947,2.5741),
 (216,'2005-10-24',4834,5.3751,4948,4.8751),
 (216,'2005-10-31',4834,9.0069,4949,9.0069),
 (216,'2005-11-07',4834,-0.0077,4950,-0.0077),
 (216,'2005-11-14',4823,5.3521,4951,5.3521),
 (216,'2005-11-21',4823,0.0838,4952,0.0838),
 (216,'2005-11-28',4825,1.1582,4953,1.1582),
 (216,'2005-12-05',4825,-0.5662,4954,-0.5662),
 (216,'2005-12-12',4825,-2.8438,4955,-2.8438),
 (216,'2005-12-19',4831,-0.7043,4956,-0.7043),
 (216,'2005-12-27',4832,-2.4053,4957,-2.9053),
 (216,'2006-01-03',4820,4.6813,4958,4.1813),
 (216,'2006-01-09',4824,2.5280,4959,2.5280),
 (217,'2005-09-06',4828,8.9402,4960,8.4402),
 (217,'2005-09-12',4828,1.7468,4961,1.7468);
INSERT INTO `investor_performances` (`investor_id`,`date`,`pm_id`,`actualized_return`,`id`,`after_cost_return`) VALUES 
 (217,'2005-09-19',4819,4.8061,4962,4.8061),
 (217,'2005-09-26',4819,0.4372,4963,0.4372),
 (217,'2005-10-03',4821,0.2264,4964,0.2264),
 (217,'2005-10-10',4821,-3.1097,4965,-3.1097),
 (217,'2005-10-17',4818,3.0741,4966,2.5741),
 (217,'2005-10-24',4834,5.3751,4967,4.8751),
 (217,'2005-10-31',4834,9.0069,4968,9.0069),
 (217,'2005-11-07',4834,-0.0077,4969,-0.0077),
 (217,'2005-11-14',4823,5.3521,4970,5.3521),
 (217,'2005-11-21',4823,0.0838,4971,0.0838),
 (217,'2005-11-28',4825,1.1582,4972,1.1582),
 (217,'2005-12-05',4825,-0.5662,4973,-0.5662),
 (217,'2005-12-12',4825,-2.8438,4974,-2.8438),
 (217,'2005-12-19',4831,-0.7043,4975,-0.7043),
 (217,'2005-12-27',4831,-1.9210,4976,-1.9210),
 (217,'2006-01-03',4831,3.4935,4977,3.4935),
 (217,'2006-01-09',4824,2.5280,4978,2.5280),
 (218,'2005-09-06',4828,8.9402,4979,8.4402),
 (218,'2005-09-12',4828,1.7468,4980,1.7468),
 (218,'2005-09-19',4819,4.8061,4981,4.8061),
 (218,'2005-09-26',4819,0.4372,4982,0.4372);
INSERT INTO `investor_performances` (`investor_id`,`date`,`pm_id`,`actualized_return`,`id`,`after_cost_return`) VALUES 
 (218,'2005-10-03',4821,0.2264,4983,0.2264),
 (218,'2005-10-10',4821,-3.1097,4984,-3.1097),
 (218,'2005-10-17',4818,3.0741,4985,2.5741),
 (218,'2005-10-24',4834,5.3751,4986,4.8751),
 (218,'2005-10-31',4834,9.0069,4987,9.0069),
 (218,'2005-11-07',4834,-0.0077,4988,-0.0077),
 (218,'2005-11-14',4823,5.3521,4989,5.3521),
 (218,'2005-11-21',4823,0.0838,4990,0.0838),
 (218,'2005-11-28',4825,1.1582,4991,1.1582),
 (218,'2005-12-05',4825,-0.5662,4992,-0.5662),
 (218,'2005-12-12',4825,-2.8438,4993,-2.8438),
 (218,'2005-12-19',4831,-0.7043,4994,-0.7043),
 (218,'2005-12-27',4831,-1.9210,4995,-1.9210),
 (218,'2006-01-03',4831,3.4935,4996,3.4935),
 (218,'2006-01-09',4824,2.5280,4997,2.5280),
 (219,'2005-09-06',4828,8.9402,4998,8.4402),
 (219,'2005-09-12',4828,1.7468,4999,1.7468),
 (219,'2005-09-19',4819,4.8061,5000,4.8061),
 (219,'2005-09-26',4819,0.4372,5001,0.4372),
 (219,'2005-10-03',4821,0.2264,5002,0.2264),
 (219,'2005-10-10',4821,-3.1097,5003,-3.1097);
INSERT INTO `investor_performances` (`investor_id`,`date`,`pm_id`,`actualized_return`,`id`,`after_cost_return`) VALUES 
 (219,'2005-10-17',4818,3.0741,5004,2.5741),
 (219,'2005-10-24',4834,5.3751,5005,4.8751),
 (219,'2005-10-31',4834,9.0069,5006,9.0069),
 (219,'2005-11-07',4834,-0.0077,5007,-0.0077),
 (219,'2005-11-14',4823,5.3521,5008,5.3521),
 (219,'2005-11-21',4823,0.0838,5009,0.0838),
 (219,'2005-11-28',4825,1.1582,5010,1.1582),
 (219,'2005-12-05',4825,-0.5662,5011,-0.5662),
 (219,'2005-12-12',4825,-2.8438,5012,-2.8438),
 (219,'2005-12-19',4831,-0.7043,5013,-0.7043),
 (219,'2005-12-27',4831,-1.9210,5014,-1.9210),
 (219,'2006-01-03',4831,3.4935,5015,3.4935),
 (219,'2006-01-09',4831,1.7296,5016,1.7296),
 (220,'2005-09-06',4828,8.9402,5017,8.4402),
 (220,'2005-09-12',4828,1.7468,5018,1.7468),
 (220,'2005-09-19',4828,1.8287,5019,1.3287),
 (220,'2005-09-26',4818,0.7707,5020,0.2707),
 (220,'2005-10-03',4821,0.2264,5021,0.2264),
 (220,'2005-10-10',4821,-3.1097,5022,-3.1097),
 (220,'2005-10-17',4818,3.0741,5023,2.5741),
 (220,'2005-10-24',4834,5.3751,5024,4.8751);
INSERT INTO `investor_performances` (`investor_id`,`date`,`pm_id`,`actualized_return`,`id`,`after_cost_return`) VALUES 
 (220,'2005-10-31',4834,9.0069,5025,9.0069),
 (220,'2005-11-07',4834,-0.0077,5026,-0.0077),
 (220,'2005-11-14',4823,5.3521,5027,5.3521),
 (220,'2005-11-21',4823,0.0838,5028,0.0838),
 (220,'2005-11-28',4825,1.1582,5029,1.1582),
 (220,'2005-12-05',4825,-0.5662,5030,-0.5662),
 (220,'2005-12-12',4825,-2.8438,5031,-2.8438),
 (220,'2005-12-19',4831,-0.7043,5032,-0.7043),
 (220,'2005-12-27',4831,-1.9210,5033,-1.9210),
 (220,'2006-01-03',4831,3.4935,5034,3.4935),
 (220,'2006-01-09',4831,1.7296,5035,1.7296),
 (221,'2005-09-06',4828,8.9402,5036,8.4402),
 (221,'2005-09-12',4828,1.7468,5037,1.7468),
 (221,'2005-09-19',4828,1.8287,5038,1.3287),
 (221,'2005-09-26',4818,0.7707,5039,0.2707),
 (221,'2005-10-03',4821,0.2264,5040,0.2264),
 (221,'2005-10-10',4821,-3.1097,5041,-3.1097),
 (221,'2005-10-17',4818,3.0741,5042,2.5741),
 (221,'2005-10-24',4834,5.3751,5043,4.8751),
 (221,'2005-10-31',4834,9.0069,5044,9.0069),
 (221,'2005-11-07',4834,-0.0077,5045,-0.0077);
INSERT INTO `investor_performances` (`investor_id`,`date`,`pm_id`,`actualized_return`,`id`,`after_cost_return`) VALUES 
 (221,'2005-11-14',4823,5.3521,5046,5.3521),
 (221,'2005-11-21',4823,0.0838,5047,0.0838),
 (221,'2005-11-28',4825,1.1582,5048,1.1582),
 (221,'2005-12-05',4825,-0.5662,5049,-0.5662),
 (221,'2005-12-12',4825,-2.8438,5050,-2.8438),
 (221,'2005-12-19',4831,-0.7043,5051,-0.7043),
 (221,'2005-12-27',4831,-1.9210,5052,-1.9210),
 (221,'2006-01-03',4831,3.4935,5053,3.4935),
 (221,'2006-01-09',4831,1.7296,5054,1.7296),
 (222,'2005-09-06',4828,8.9402,5055,8.4402),
 (222,'2005-09-12',4828,1.7468,5056,1.7468),
 (222,'2005-09-19',4828,1.8287,5057,1.3287),
 (222,'2005-09-26',4818,0.7707,5058,0.2707),
 (222,'2005-10-03',4818,-4.3089,5059,-4.3089),
 (222,'2005-10-10',4818,5.2632,5060,5.2632),
 (222,'2005-10-17',4818,3.0741,5061,2.5741),
 (222,'2005-10-24',4834,5.3751,5062,4.8751),
 (222,'2005-10-31',4834,9.0069,5063,9.0069),
 (222,'2005-11-07',4834,-0.0077,5064,-0.0077),
 (222,'2005-11-14',4823,5.3521,5065,5.3521),
 (222,'2005-11-21',4823,0.0838,5066,0.0838);
INSERT INTO `investor_performances` (`investor_id`,`date`,`pm_id`,`actualized_return`,`id`,`after_cost_return`) VALUES 
 (222,'2005-11-28',4825,1.1582,5067,1.1582),
 (222,'2005-12-05',4825,-0.5662,5068,-0.5662),
 (222,'2005-12-12',4825,-2.8438,5069,-2.8438),
 (222,'2005-12-19',4831,-0.7043,5070,-0.7043),
 (222,'2005-12-27',4831,-1.9210,5071,-1.9210),
 (222,'2006-01-03',4831,3.4935,5072,3.4935),
 (222,'2006-01-09',4831,1.7296,5073,1.7296),
 (223,'2005-09-06',4828,8.9402,5074,8.4402),
 (223,'2005-09-12',4828,1.7468,5075,1.7468),
 (223,'2005-09-19',4828,1.8287,5076,1.3287),
 (223,'2005-09-26',4818,0.7707,5077,0.2707),
 (223,'2005-10-03',4818,-4.3089,5078,-4.3089),
 (223,'2005-10-10',4818,5.2632,5079,5.2632),
 (223,'2005-10-17',4818,3.0741,5080,2.5741),
 (223,'2005-10-24',4834,5.3751,5081,4.8751),
 (223,'2005-10-31',4834,9.0069,5082,9.0069),
 (223,'2005-11-07',4834,-0.0077,5083,-0.0077),
 (223,'2005-11-14',4823,5.3521,5084,5.3521),
 (223,'2005-11-21',4823,0.0838,5085,0.0838),
 (223,'2005-11-28',4825,1.1582,5086,1.1582),
 (223,'2005-12-05',4825,-0.5662,5087,-0.5662);
INSERT INTO `investor_performances` (`investor_id`,`date`,`pm_id`,`actualized_return`,`id`,`after_cost_return`) VALUES 
 (223,'2005-12-12',4825,-2.8438,5088,-2.8438),
 (223,'2005-12-19',4831,-0.7043,5089,-0.7043),
 (223,'2005-12-27',4831,-1.9210,5090,-1.9210),
 (223,'2006-01-03',4831,3.4935,5091,3.4935),
 (223,'2006-01-09',4831,1.7296,5092,1.7296),
 (224,'2005-09-06',4828,8.9402,5093,8.4402),
 (224,'2005-09-12',4828,1.7468,5094,1.7468),
 (224,'2005-09-19',4828,1.8287,5095,1.3287),
 (224,'2005-09-26',4818,0.7707,5096,0.2707),
 (224,'2005-10-03',4818,-4.3089,5097,-4.3089),
 (224,'2005-10-10',4818,5.2632,5098,5.2632),
 (224,'2005-10-17',4818,3.0741,5099,2.5741),
 (224,'2005-10-24',4834,5.3751,5100,4.8751),
 (224,'2005-10-31',4834,9.0069,5101,9.0069),
 (224,'2005-11-07',4834,-0.0077,5102,-0.0077),
 (224,'2005-11-14',4823,5.3521,5103,5.3521),
 (224,'2005-11-21',4823,0.0838,5104,0.0838),
 (224,'2005-11-28',4825,1.1582,5105,1.1582),
 (224,'2005-12-05',4825,-0.5662,5106,-0.5662),
 (224,'2005-12-12',4825,-2.8438,5107,-2.8438),
 (224,'2005-12-19',4831,-0.7043,5108,-0.7043);
INSERT INTO `investor_performances` (`investor_id`,`date`,`pm_id`,`actualized_return`,`id`,`after_cost_return`) VALUES 
 (224,'2005-12-27',4831,-1.9210,5109,-1.9210),
 (224,'2006-01-03',4831,3.4935,5110,3.4935),
 (224,'2006-01-09',4831,1.7296,5111,1.7296),
 (225,'2005-09-06',4828,8.9402,5112,8.4402),
 (225,'2005-09-12',4828,1.7468,5113,1.7468),
 (225,'2005-09-19',4828,1.8287,5114,1.3287),
 (225,'2005-09-26',4818,0.7707,5115,0.2707),
 (225,'2005-10-03',4818,-4.3089,5116,-4.3089),
 (225,'2005-10-10',4818,5.2632,5117,5.2632),
 (225,'2005-10-17',4818,3.0741,5118,2.5741),
 (225,'2005-10-24',4834,5.3751,5119,4.8751),
 (225,'2005-10-31',4834,9.0069,5120,9.0069),
 (225,'2005-11-07',4834,-0.0077,5121,-0.0077),
 (225,'2005-11-14',4823,5.3521,5122,5.3521),
 (225,'2005-11-21',4823,0.0838,5123,0.0838),
 (225,'2005-11-28',4825,1.1582,5124,1.1582),
 (225,'2005-12-05',4825,-0.5662,5125,-0.5662),
 (225,'2005-12-12',4825,-2.8438,5126,-2.8438),
 (225,'2005-12-19',4831,-0.7043,5127,-0.7043),
 (225,'2005-12-27',4831,-1.9210,5128,-1.9210),
 (225,'2006-01-03',4831,3.4935,5129,3.4935);
INSERT INTO `investor_performances` (`investor_id`,`date`,`pm_id`,`actualized_return`,`id`,`after_cost_return`) VALUES 
 (225,'2006-01-09',4831,1.7296,5130,1.7296),
 (226,'2005-09-06',4828,8.9402,5131,8.4402),
 (226,'2005-09-12',4828,1.7468,5132,1.7468),
 (226,'2005-09-19',4828,1.8287,5133,1.3287),
 (226,'2005-09-26',4818,0.7707,5134,0.2707),
 (226,'2005-10-03',4818,-4.3089,5135,-4.3089),
 (226,'2005-10-10',4818,5.2632,5136,5.2632),
 (226,'2005-10-17',4818,3.0741,5137,2.5741),
 (226,'2005-10-24',4834,5.3751,5138,4.8751),
 (226,'2005-10-31',4834,9.0069,5139,9.0069),
 (226,'2005-11-07',4834,-0.0077,5140,-0.0077),
 (226,'2005-11-14',4823,5.3521,5141,5.3521),
 (226,'2005-11-21',4823,0.0838,5142,0.0838),
 (226,'2005-11-28',4823,-0.5136,5143,-0.5136),
 (226,'2005-12-05',4823,-1.5951,5144,-2.0951),
 (226,'2005-12-12',4840,-3.5639,5145,-3.5775),
 (226,'2005-12-19',4831,-0.7043,5146,-1.2043),
 (226,'2005-12-27',4831,-1.9210,5147,-1.9210),
 (226,'2006-01-03',4831,3.4935,5148,3.4935),
 (226,'2006-01-09',4831,1.7296,5149,1.7296),
 (227,'2005-09-12',4828,1.7468,5150,1.2468);
INSERT INTO `investor_performances` (`investor_id`,`date`,`pm_id`,`actualized_return`,`id`,`after_cost_return`) VALUES 
 (227,'2005-09-19',4833,1.7568,5151,1.7568),
 (227,'2005-09-26',4833,2.1610,5152,1.6610),
 (227,'2005-10-03',4818,-4.3089,5153,-4.8089),
 (227,'2005-10-10',4821,-3.1097,5154,-3.1097),
 (227,'2005-10-17',4818,3.0741,5155,2.5741),
 (227,'2005-10-24',4839,5.0651,5156,4.5651),
 (227,'2005-10-31',4839,9.1413,5157,9.1413),
 (227,'2005-11-07',4839,0.0189,5158,0.0189),
 (227,'2005-11-14',4828,5.4907,5159,5.4907),
 (227,'2005-11-21',4828,1.1266,5160,1.1266),
 (227,'2005-11-28',4840,4.1736,5161,4.1736),
 (227,'2005-12-05',4840,1.9677,5162,1.9677),
 (227,'2005-12-12',4840,-3.5639,5163,-4.0639),
 (227,'2005-12-19',4831,-0.7043,5164,-1.2043),
 (227,'2005-12-27',4827,-2.4524,5165,-2.4524),
 (227,'2006-01-03',4834,2.2306,5166,2.2306),
 (227,'2006-01-09',4824,2.5280,5167,2.5280),
 (228,'2005-09-12',4828,1.7468,5168,1.2468),
 (228,'2005-09-19',4833,1.7568,5169,1.7568),
 (228,'2005-09-26',4833,2.1610,5170,1.6610),
 (228,'2005-10-03',4818,-4.3089,5171,-4.8089);
INSERT INTO `investor_performances` (`investor_id`,`date`,`pm_id`,`actualized_return`,`id`,`after_cost_return`) VALUES 
 (228,'2005-10-10',4821,-3.1097,5172,-3.1097),
 (228,'2005-10-17',4818,3.0741,5173,2.5741),
 (228,'2005-10-24',4839,5.0651,5174,4.5651),
 (228,'2005-10-31',4839,9.1413,5175,9.1413),
 (228,'2005-11-07',4839,0.0189,5176,0.0189),
 (228,'2005-11-14',4828,5.4907,5177,5.4907),
 (228,'2005-11-21',4828,1.1266,5178,1.1266),
 (228,'2005-11-28',4840,4.1736,5179,4.1736),
 (228,'2005-12-05',4840,1.9677,5180,1.9677),
 (228,'2005-12-12',4840,-3.5639,5181,-4.0639),
 (228,'2005-12-19',4831,-0.7043,5182,-1.2043),
 (228,'2005-12-27',4831,-1.9210,5183,-1.9210),
 (228,'2006-01-03',4831,3.4935,5184,3.4935),
 (228,'2006-01-09',4824,2.5280,5185,2.5280),
 (229,'2005-09-12',4828,1.7468,5186,1.2468),
 (229,'2005-09-19',4833,1.7568,5187,1.7568),
 (229,'2005-09-26',4833,2.1610,5188,1.6610),
 (229,'2005-10-03',4818,-4.3089,5189,-4.8089),
 (229,'2005-10-10',4818,5.2632,5190,5.2632),
 (229,'2005-10-17',4818,3.0741,5191,2.5741),
 (229,'2005-10-24',4839,5.0651,5192,4.5651);
INSERT INTO `investor_performances` (`investor_id`,`date`,`pm_id`,`actualized_return`,`id`,`after_cost_return`) VALUES 
 (229,'2005-10-31',4839,9.1413,5193,9.1413),
 (229,'2005-11-07',4839,0.0189,5194,0.0189),
 (229,'2005-11-14',4828,5.4907,5195,5.4907),
 (229,'2005-11-21',4828,1.1266,5196,1.1266),
 (229,'2005-11-28',4840,4.1736,5197,4.1736),
 (229,'2005-12-05',4840,1.9677,5198,1.9677),
 (229,'2005-12-12',4840,-3.5639,5199,-4.0639),
 (229,'2005-12-19',4831,-0.7043,5200,-1.2043),
 (229,'2005-12-27',4831,-1.9210,5201,-1.9210),
 (229,'2006-01-03',4831,3.4935,5202,3.4935),
 (229,'2006-01-09',4824,2.5280,5203,2.5280),
 (230,'2005-09-12',4828,1.7468,5204,1.2468),
 (230,'2005-09-19',4833,1.7568,5205,1.7568),
 (230,'2005-09-26',4833,2.1610,5206,1.6610),
 (230,'2005-10-03',4818,-4.3089,5207,-4.8089),
 (230,'2005-10-10',4818,5.2632,5208,5.2632),
 (230,'2005-10-17',4818,3.0741,5209,2.5741),
 (230,'2005-10-24',4839,5.0651,5210,4.5651),
 (230,'2005-10-31',4839,9.1413,5211,9.1413),
 (230,'2005-11-07',4839,0.0189,5212,0.0189),
 (230,'2005-11-14',4828,5.4907,5213,5.4907);
INSERT INTO `investor_performances` (`investor_id`,`date`,`pm_id`,`actualized_return`,`id`,`after_cost_return`) VALUES 
 (230,'2005-11-21',4828,1.1266,5214,1.1266),
 (230,'2005-11-28',4840,4.1736,5215,4.1736),
 (230,'2005-12-05',4840,1.9677,5216,1.9677),
 (230,'2005-12-12',4840,-3.5639,5217,-4.0639),
 (230,'2005-12-19',4831,-0.7043,5218,-1.2043),
 (230,'2005-12-27',4831,-1.9210,5219,-1.9210),
 (230,'2006-01-03',4831,3.4935,5220,3.4935),
 (230,'2006-01-09',4831,1.7296,5221,1.7296),
 (231,'2005-09-12',4828,1.7468,5222,1.2468),
 (231,'2005-09-19',4828,1.8287,5223,1.3287),
 (231,'2005-09-26',4819,0.4372,5224,-0.0628),
 (231,'2005-10-03',4818,-4.3089,5225,-4.3089),
 (231,'2005-10-10',4818,5.2632,5226,5.2632),
 (231,'2005-10-17',4818,3.0741,5227,2.5741),
 (231,'2005-10-24',4839,5.0651,5228,4.5651),
 (231,'2005-10-31',4839,9.1413,5229,9.1413),
 (231,'2005-11-07',4839,0.0189,5230,0.0189),
 (231,'2005-11-14',4828,5.4907,5231,5.4907),
 (231,'2005-11-21',4828,1.1266,5232,1.1266),
 (231,'2005-11-28',4840,4.1736,5233,4.1736),
 (231,'2005-12-05',4840,1.9677,5234,1.9677);
INSERT INTO `investor_performances` (`investor_id`,`date`,`pm_id`,`actualized_return`,`id`,`after_cost_return`) VALUES 
 (231,'2005-12-12',4840,-3.5639,5235,-4.0639),
 (231,'2005-12-19',4831,-0.7043,5236,-1.2043),
 (231,'2005-12-27',4831,-1.9210,5237,-1.9210),
 (231,'2006-01-03',4831,3.4935,5238,3.4935),
 (231,'2006-01-09',4831,1.7296,5239,1.7296),
 (232,'2005-09-12',4828,1.7468,5240,1.2468),
 (232,'2005-09-19',4828,1.8287,5241,1.3287),
 (232,'2005-09-26',4819,0.4372,5242,-0.0628),
 (232,'2005-10-03',4818,-4.3089,5243,-4.3089),
 (232,'2005-10-10',4818,5.2632,5244,5.2632),
 (232,'2005-10-17',4818,3.0741,5245,2.5741),
 (232,'2005-10-24',4839,5.0651,5246,4.5651),
 (232,'2005-10-31',4839,9.1413,5247,9.1413),
 (232,'2005-11-07',4839,0.0189,5248,0.0189),
 (232,'2005-11-14',4828,5.4907,5249,5.4907),
 (232,'2005-11-21',4828,1.1266,5250,1.1266),
 (232,'2005-11-28',4840,4.1736,5251,4.1736),
 (232,'2005-12-05',4840,1.9677,5252,1.9677),
 (232,'2005-12-12',4840,-3.5639,5253,-4.0639),
 (232,'2005-12-19',4831,-0.7043,5254,-1.2043),
 (232,'2005-12-27',4831,-1.9210,5255,-1.9210);
INSERT INTO `investor_performances` (`investor_id`,`date`,`pm_id`,`actualized_return`,`id`,`after_cost_return`) VALUES 
 (232,'2006-01-03',4831,3.4935,5256,3.4935),
 (232,'2006-01-09',4831,1.7296,5257,1.7296),
 (233,'2005-09-12',4828,1.7468,5258,1.2468),
 (233,'2005-09-19',4828,1.8287,5259,1.3287),
 (233,'2005-09-26',4819,0.4372,5260,-0.0628),
 (233,'2005-10-03',4818,-4.3089,5261,-4.3089),
 (233,'2005-10-10',4818,5.2632,5262,5.2632),
 (233,'2005-10-17',4818,3.0741,5263,2.5741),
 (233,'2005-10-24',4839,5.0651,5264,4.5651),
 (233,'2005-10-31',4839,9.1413,5265,9.1413),
 (233,'2005-11-07',4839,0.0189,5266,0.0189),
 (233,'2005-11-14',4828,5.4907,5267,5.4907),
 (233,'2005-11-21',4828,1.1266,5268,1.1266),
 (233,'2005-11-28',4840,4.1736,5269,4.1736),
 (233,'2005-12-05',4840,1.9677,5270,1.9677),
 (233,'2005-12-12',4840,-3.5639,5271,-4.0639),
 (233,'2005-12-19',4831,-0.7043,5272,-1.2043),
 (233,'2005-12-27',4831,-1.9210,5273,-1.9210),
 (233,'2006-01-03',4831,3.4935,5274,3.4935),
 (233,'2006-01-09',4831,1.7296,5275,1.7296),
 (234,'2005-09-12',4828,1.7468,5276,1.2468);
INSERT INTO `investor_performances` (`investor_id`,`date`,`pm_id`,`actualized_return`,`id`,`after_cost_return`) VALUES 
 (234,'2005-09-19',4828,1.8287,5277,1.3287),
 (234,'2005-09-26',4819,0.4372,5278,-0.0628),
 (234,'2005-10-03',4818,-4.3089,5279,-4.3089),
 (234,'2005-10-10',4818,5.2632,5280,5.2632),
 (234,'2005-10-17',4818,3.0741,5281,2.5741),
 (234,'2005-10-24',4839,5.0651,5282,4.5651),
 (234,'2005-10-31',4839,9.1413,5283,9.1413),
 (234,'2005-11-07',4839,0.0189,5284,0.0189),
 (234,'2005-11-14',4828,5.4907,5285,5.4907),
 (234,'2005-11-21',4828,1.1266,5286,1.1266),
 (234,'2005-11-28',4828,-0.2855,5287,-0.2855),
 (234,'2005-12-05',4828,-1.4802,5288,-1.4802),
 (234,'2005-12-12',4828,0.1853,5289,-0.3147),
 (234,'2005-12-19',4831,-0.7043,5290,-1.2043),
 (234,'2005-12-27',4831,-1.9210,5291,-1.9210),
 (234,'2006-01-03',4831,3.4935,5292,3.4935),
 (234,'2006-01-09',4831,1.7296,5293,1.7296),
 (235,'2005-09-12',4828,1.7468,5294,1.2468),
 (235,'2005-09-19',4828,1.8287,5295,1.3287),
 (235,'2005-09-26',4819,0.4372,5296,-0.0628),
 (235,'2005-10-03',4819,-1.7695,5297,-1.7695);
INSERT INTO `investor_performances` (`investor_id`,`date`,`pm_id`,`actualized_return`,`id`,`after_cost_return`) VALUES 
 (235,'2005-10-10',4819,-3.1531,5298,-3.1531),
 (235,'2005-10-17',4818,3.0741,5299,2.5741),
 (235,'2005-10-24',4839,5.0651,5300,4.5651),
 (235,'2005-10-31',4839,9.1413,5301,9.1413),
 (235,'2005-11-07',4839,0.0189,5302,0.0189),
 (235,'2005-11-14',4828,5.4907,5303,5.4907),
 (235,'2005-11-21',4828,1.1266,5304,1.1266),
 (235,'2005-11-28',4828,-0.2855,5305,-0.2855),
 (235,'2005-12-05',4828,-1.4802,5306,-1.4802),
 (235,'2005-12-12',4828,0.1853,5307,-0.3147),
 (235,'2005-12-19',4831,-0.7043,5308,-1.2043),
 (235,'2005-12-27',4831,-1.9210,5309,-1.9210),
 (235,'2006-01-03',4831,3.4935,5310,3.4935),
 (235,'2006-01-09',4831,1.7296,5311,1.7296),
 (236,'2005-09-12',4828,1.7468,5312,1.2468),
 (236,'2005-09-19',4828,1.8287,5313,1.3287),
 (236,'2005-09-26',4819,0.4372,5314,-0.0628),
 (236,'2005-10-03',4819,-1.7695,5315,-1.7695),
 (236,'2005-10-10',4819,-3.1531,5316,-3.1531),
 (236,'2005-10-17',4818,3.0741,5317,2.5741),
 (236,'2005-10-24',4839,5.0651,5318,4.5651);
INSERT INTO `investor_performances` (`investor_id`,`date`,`pm_id`,`actualized_return`,`id`,`after_cost_return`) VALUES 
 (236,'2005-10-31',4839,9.1413,5319,9.1413),
 (236,'2005-11-07',4839,0.0189,5320,0.0189),
 (236,'2005-11-14',4828,5.4907,5321,5.4907),
 (236,'2005-11-21',4828,1.1266,5322,1.1266),
 (236,'2005-11-28',4828,-0.2855,5323,-0.2855),
 (236,'2005-12-05',4828,-1.4802,5324,-1.4802),
 (236,'2005-12-12',4828,0.1853,5325,-0.3147),
 (236,'2005-12-19',4831,-0.7043,5326,-1.2043),
 (236,'2005-12-27',4831,-1.9210,5327,-1.9210),
 (236,'2006-01-03',4831,3.4935,5328,3.4935),
 (236,'2006-01-09',4831,1.7296,5329,1.7296),
 (237,'2005-09-12',4828,1.7468,5330,1.2468),
 (237,'2005-09-19',4828,1.8287,5331,1.3287),
 (237,'2005-09-26',4819,0.4372,5332,-0.0628),
 (237,'2005-10-03',4819,-1.7695,5333,-1.7695),
 (237,'2005-10-10',4819,-3.1531,5334,-3.1531),
 (237,'2005-10-17',4818,3.0741,5335,2.5741),
 (237,'2005-10-24',4839,5.0651,5336,4.5651),
 (237,'2005-10-31',4839,9.1413,5337,9.1413),
 (237,'2005-11-07',4839,0.0189,5338,0.0189),
 (237,'2005-11-14',4839,2.6116,5339,2.6116);
INSERT INTO `investor_performances` (`investor_id`,`date`,`pm_id`,`actualized_return`,`id`,`after_cost_return`) VALUES 
 (237,'2005-11-21',4839,7.1114,5340,7.1114),
 (237,'2005-11-28',4839,-2.2468,5341,-2.6661),
 (237,'2005-12-05',4840,1.9677,5342,1.5484),
 (237,'2005-12-12',4840,-3.5639,5343,-4.0639),
 (237,'2005-12-19',4831,-0.7043,5344,-1.2043),
 (237,'2005-12-27',4831,-1.9210,5345,-1.9210),
 (237,'2006-01-03',4831,3.4935,5346,3.4935),
 (237,'2006-01-09',4831,1.7296,5347,1.7296),
 (238,'2005-09-19',4828,1.8287,5348,1.3287),
 (238,'2005-09-26',4819,0.4372,5349,-0.0628),
 (238,'2005-10-03',4819,-1.7695,5350,-1.7695),
 (238,'2005-10-10',4819,-3.1531,5351,-3.1531),
 (238,'2005-10-17',4835,12.0531,5352,12.0531),
 (238,'2005-10-24',4835,4.2893,5353,4.2893),
 (238,'2005-10-31',4835,8.7376,5354,8.7376),
 (238,'2005-11-07',4834,-0.0077,5355,-0.0077),
 (238,'2005-11-14',4834,2.5128,5356,2.5128),
 (238,'2005-11-21',4828,1.1266,5357,1.1266),
 (238,'2005-11-28',4840,4.1736,5358,4.1736),
 (238,'2005-12-05',4840,1.9677,5359,1.9677),
 (238,'2005-12-12',4840,-3.5639,5360,-4.0639);
INSERT INTO `investor_performances` (`investor_id`,`date`,`pm_id`,`actualized_return`,`id`,`after_cost_return`) VALUES 
 (238,'2005-12-19',4840,-0.5377,5361,-1.0377),
 (238,'2005-12-27',4840,-1.8662,5362,-1.8662),
 (238,'2006-01-03',4840,3.3015,5363,3.3015),
 (238,'2006-01-09',4824,2.5280,5364,2.5280),
 (239,'2005-09-19',4828,1.8287,5365,1.3287),
 (239,'2005-09-26',4819,0.4372,5366,-0.0628),
 (239,'2005-10-03',4819,-1.7695,5367,-1.7695),
 (239,'2005-10-10',4819,-3.1531,5368,-3.1531),
 (239,'2005-10-17',4835,12.0531,5369,12.0531),
 (239,'2005-10-24',4835,4.2893,5370,4.2893),
 (239,'2005-10-31',4835,8.7376,5371,8.7376),
 (239,'2005-11-07',4835,0.0367,5372,0.0367),
 (239,'2005-11-14',4834,2.5128,5373,2.5128),
 (239,'2005-11-21',4828,1.1266,5374,1.1266),
 (239,'2005-11-28',4840,4.1736,5375,4.1736),
 (239,'2005-12-05',4840,1.9677,5376,1.9677),
 (239,'2005-12-12',4840,-3.5639,5377,-4.0639),
 (239,'2005-12-19',4840,-0.5377,5378,-1.0377),
 (239,'2005-12-27',4840,-1.8662,5379,-1.8662),
 (239,'2006-01-03',4840,3.3015,5380,3.3015),
 (239,'2006-01-09',4824,2.5280,5381,2.5280);
INSERT INTO `investor_performances` (`investor_id`,`date`,`pm_id`,`actualized_return`,`id`,`after_cost_return`) VALUES 
 (240,'2005-09-19',4828,1.8287,5382,1.3287),
 (240,'2005-09-26',4819,0.4372,5383,-0.0628),
 (240,'2005-10-03',4819,-1.7695,5384,-1.7695),
 (240,'2005-10-10',4819,-3.1531,5385,-3.1531),
 (240,'2005-10-17',4835,12.0531,5386,12.0531),
 (240,'2005-10-24',4835,4.2893,5387,4.2893),
 (240,'2005-10-31',4835,8.7376,5388,8.7376),
 (240,'2005-11-07',4835,0.0367,5389,0.0367),
 (240,'2005-11-14',4834,2.5128,5390,2.5128),
 (240,'2005-11-21',4828,1.1266,5391,1.1266),
 (240,'2005-11-28',4840,4.1736,5392,4.1736),
 (240,'2005-12-05',4840,1.9677,5393,1.9677),
 (240,'2005-12-12',4840,-3.5639,5394,-4.0639),
 (240,'2005-12-19',4840,-0.5377,5395,-1.0377),
 (240,'2005-12-27',4840,-1.8662,5396,-1.8662),
 (240,'2006-01-03',4840,3.3015,5397,3.3015),
 (240,'2006-01-09',4824,2.5280,5398,2.5280),
 (241,'2005-09-19',4828,1.8287,5399,1.3287),
 (241,'2005-09-26',4819,0.4372,5400,-0.0628),
 (241,'2005-10-03',4819,-1.7695,5401,-1.7695),
 (241,'2005-10-10',4819,-3.1531,5402,-3.1531);
INSERT INTO `investor_performances` (`investor_id`,`date`,`pm_id`,`actualized_return`,`id`,`after_cost_return`) VALUES 
 (241,'2005-10-17',4835,12.0531,5403,12.0531),
 (241,'2005-10-24',4835,4.2893,5404,4.2893),
 (241,'2005-10-31',4835,8.7376,5405,8.7376),
 (241,'2005-11-07',4835,0.0367,5406,0.0367),
 (241,'2005-11-14',4834,2.5128,5407,2.5128),
 (241,'2005-11-21',4828,1.1266,5408,1.1266),
 (241,'2005-11-28',4840,4.1736,5409,4.1736),
 (241,'2005-12-05',4840,1.9677,5410,1.9677),
 (241,'2005-12-12',4840,-3.5639,5411,-4.0639),
 (241,'2005-12-19',4840,-0.5377,5412,-1.0377),
 (241,'2005-12-27',4840,-1.8662,5413,-1.8662),
 (241,'2006-01-03',4840,3.3015,5414,3.3015),
 (241,'2006-01-09',4824,2.5280,5415,2.5280),
 (242,'2005-09-19',4828,1.8287,5416,1.3287),
 (242,'2005-09-26',4819,0.4372,5417,-0.0628),
 (242,'2005-10-03',4819,-1.7695,5418,-1.7695),
 (242,'2005-10-10',4819,-3.1531,5419,-3.1531),
 (242,'2005-10-17',4835,12.0531,5420,12.0531),
 (242,'2005-10-24',4835,4.2893,5421,4.2893),
 (242,'2005-10-31',4835,8.7376,5422,8.7376),
 (242,'2005-11-07',4835,0.0367,5423,0.0367);
INSERT INTO `investor_performances` (`investor_id`,`date`,`pm_id`,`actualized_return`,`id`,`after_cost_return`) VALUES 
 (242,'2005-11-14',4834,2.5128,5424,2.5128),
 (242,'2005-11-21',4828,1.1266,5425,1.1266),
 (242,'2005-11-28',4840,4.1736,5426,4.1736),
 (242,'2005-12-05',4840,1.9677,5427,1.9677),
 (242,'2005-12-12',4840,-3.5639,5428,-4.0639),
 (242,'2005-12-19',4840,-0.5377,5429,-1.0377),
 (242,'2005-12-27',4840,-1.8662,5430,-1.8662),
 (242,'2006-01-03',4840,3.3015,5431,3.3015),
 (242,'2006-01-09',4840,2.1974,5432,2.1974),
 (243,'2005-09-19',4828,1.8287,5433,1.3287),
 (243,'2005-09-26',4819,0.4372,5434,-0.0628),
 (243,'2005-10-03',4819,-1.7695,5435,-1.7695),
 (243,'2005-10-10',4819,-3.1531,5436,-3.1531),
 (243,'2005-10-17',4835,12.0531,5437,12.0531),
 (243,'2005-10-24',4835,4.2893,5438,4.2893),
 (243,'2005-10-31',4835,8.7376,5439,8.7376),
 (243,'2005-11-07',4835,0.0367,5440,0.0367),
 (243,'2005-11-14',4834,2.5128,5441,2.5128),
 (243,'2005-11-21',4834,7.0988,5442,6.7926),
 (243,'2005-11-28',4840,4.1736,5443,3.8674),
 (243,'2005-12-05',4840,1.9677,5444,1.9677);
INSERT INTO `investor_performances` (`investor_id`,`date`,`pm_id`,`actualized_return`,`id`,`after_cost_return`) VALUES 
 (243,'2005-12-12',4840,-3.5639,5445,-4.0639),
 (243,'2005-12-19',4840,-0.5377,5446,-1.0377),
 (243,'2005-12-27',4840,-1.8662,5447,-1.8662),
 (243,'2006-01-03',4840,3.3015,5448,3.3015),
 (243,'2006-01-09',4840,2.1974,5449,2.1974),
 (244,'2005-09-19',4828,1.8287,5450,1.3287),
 (244,'2005-09-26',4819,0.4372,5451,-0.0628),
 (244,'2005-10-03',4819,-1.7695,5452,-1.7695),
 (244,'2005-10-10',4819,-3.1531,5453,-3.1531),
 (244,'2005-10-17',4835,12.0531,5454,12.0531),
 (244,'2005-10-24',4835,4.2893,5455,4.2893),
 (244,'2005-10-31',4835,8.7376,5456,8.7376),
 (244,'2005-11-07',4835,0.0367,5457,0.0367),
 (244,'2005-11-14',4834,2.5128,5458,2.5128),
 (244,'2005-11-21',4834,7.0988,5459,6.7926),
 (244,'2005-11-28',4840,4.1736,5460,3.8674),
 (244,'2005-12-05',4840,1.9677,5461,1.9677),
 (244,'2005-12-12',4840,-3.5639,5462,-4.0639),
 (244,'2005-12-19',4840,-0.5377,5463,-1.0377),
 (244,'2005-12-27',4840,-1.8662,5464,-1.8662),
 (244,'2006-01-03',4840,3.3015,5465,3.3015);
INSERT INTO `investor_performances` (`investor_id`,`date`,`pm_id`,`actualized_return`,`id`,`after_cost_return`) VALUES 
 (244,'2006-01-09',4840,2.1974,5466,2.1974),
 (245,'2005-09-19',4828,1.8287,5467,1.3287),
 (245,'2005-09-26',4819,0.4372,5468,-0.0628),
 (245,'2005-10-03',4819,-1.7695,5469,-1.7695),
 (245,'2005-10-10',4819,-3.1531,5470,-3.1531),
 (245,'2005-10-17',4835,12.0531,5471,12.0531),
 (245,'2005-10-24',4835,4.2893,5472,4.2893),
 (245,'2005-10-31',4835,8.7376,5473,8.7376),
 (245,'2005-11-07',4835,0.0367,5474,0.0367),
 (245,'2005-11-14',4834,2.5128,5475,2.5128),
 (245,'2005-11-21',4834,7.0988,5476,6.7926),
 (245,'2005-11-28',4840,4.1736,5477,3.8674),
 (245,'2005-12-05',4840,1.9677,5478,1.9677),
 (245,'2005-12-12',4840,-3.5639,5479,-4.0639),
 (245,'2005-12-19',4840,-0.5377,5480,-1.0377),
 (245,'2005-12-27',4840,-1.8662,5481,-1.8662),
 (245,'2006-01-03',4840,3.3015,5482,3.3015),
 (245,'2006-01-09',4840,2.1974,5483,2.1974),
 (246,'2005-09-19',4828,1.8287,5484,1.3287),
 (246,'2005-09-26',4819,0.4372,5485,-0.0628),
 (246,'2005-10-03',4819,-1.7695,5486,-1.7695);
INSERT INTO `investor_performances` (`investor_id`,`date`,`pm_id`,`actualized_return`,`id`,`after_cost_return`) VALUES 
 (246,'2005-10-10',4819,-3.1531,5487,-3.1531),
 (246,'2005-10-17',4835,12.0531,5488,12.0531),
 (246,'2005-10-24',4835,4.2893,5489,4.2893),
 (246,'2005-10-31',4835,8.7376,5490,8.7376),
 (246,'2005-11-07',4835,0.0367,5491,0.0367),
 (246,'2005-11-14',4834,2.5128,5492,2.5128),
 (246,'2005-11-21',4834,7.0988,5493,6.7926),
 (246,'2005-11-28',4840,4.1736,5494,3.8674),
 (246,'2005-12-05',4840,1.9677,5495,1.9677),
 (246,'2005-12-12',4840,-3.5639,5496,-4.0639),
 (246,'2005-12-19',4840,-0.5377,5497,-1.0377),
 (246,'2005-12-27',4840,-1.8662,5498,-1.8662),
 (246,'2006-01-03',4840,3.3015,5499,3.3015),
 (246,'2006-01-09',4840,2.1974,5500,2.1974),
 (247,'2005-09-19',4828,1.8287,5501,1.3287),
 (247,'2005-09-26',4819,0.4372,5502,-0.0628),
 (247,'2005-10-03',4819,-1.7695,5503,-1.7695),
 (247,'2005-10-10',4819,-3.1531,5504,-3.1531),
 (247,'2005-10-17',4835,12.0531,5505,12.0531),
 (247,'2005-10-24',4835,4.2893,5506,4.2893),
 (247,'2005-10-31',4835,8.7376,5507,8.7376);
INSERT INTO `investor_performances` (`investor_id`,`date`,`pm_id`,`actualized_return`,`id`,`after_cost_return`) VALUES 
 (247,'2005-11-07',4835,0.0367,5508,0.0367),
 (247,'2005-11-14',4834,2.5128,5509,2.5128),
 (247,'2005-11-21',4834,7.0988,5510,6.7926),
 (247,'2005-11-28',4840,4.1736,5511,3.8674),
 (247,'2005-12-05',4840,1.9677,5512,1.9677),
 (247,'2005-12-12',4840,-3.5639,5513,-4.0639),
 (247,'2005-12-19',4840,-0.5377,5514,-1.0377),
 (247,'2005-12-27',4840,-1.8662,5515,-1.8662),
 (247,'2006-01-03',4840,3.3015,5516,3.3015),
 (247,'2006-01-09',4840,2.1974,5517,2.1974),
 (248,'2005-09-19',4828,1.8287,5518,1.3287),
 (248,'2005-09-26',4819,0.4372,5519,-0.0628),
 (248,'2005-10-03',4819,-1.7695,5520,-1.7695),
 (248,'2005-10-10',4819,-3.1531,5521,-3.1531),
 (248,'2005-10-17',4835,12.0531,5522,12.0531),
 (248,'2005-10-24',4835,4.2893,5523,4.2893),
 (248,'2005-10-31',4835,8.7376,5524,8.7376),
 (248,'2005-11-07',4835,0.0367,5525,0.0367),
 (248,'2005-11-14',4835,2.7225,5526,2.7225),
 (248,'2005-11-21',4835,6.0520,5527,6.0520),
 (248,'2005-11-28',4835,-2.0909,5528,-2.0909);
INSERT INTO `investor_performances` (`investor_id`,`date`,`pm_id`,`actualized_return`,`id`,`after_cost_return`) VALUES 
 (248,'2005-12-05',4840,1.9677,5529,1.9677),
 (248,'2005-12-12',4840,-3.5639,5530,-4.0639),
 (248,'2005-12-19',4840,-0.5377,5531,-1.0377),
 (248,'2005-12-27',4840,-1.8662,5532,-1.8662),
 (248,'2006-01-03',4840,3.3015,5533,3.3015),
 (248,'2006-01-09',4840,2.1974,5534,2.1974),
 (249,'2005-09-26',4828,0.7649,5535,0.0221),
 (249,'2005-10-03',4838,-3.8625,5536,-4.3625),
 (249,'2005-10-10',4819,-3.1531,5537,-3.6531),
 (249,'2005-10-17',4818,3.0741,5538,2.5741),
 (249,'2005-10-24',4839,5.0651,5539,4.5651),
 (249,'2005-10-31',4839,9.1413,5540,9.1413),
 (249,'2005-11-07',4839,0.0189,5541,0.0189),
 (249,'2005-11-14',4834,2.5128,5542,2.5128),
 (249,'2005-11-21',4821,3.4202,5543,3.4202),
 (249,'2005-11-28',4821,-2.3119,5544,-2.8119),
 (249,'2005-12-05',4840,1.9677,5545,1.4677),
 (249,'2005-12-12',4840,-3.5639,5546,-4.0639),
 (249,'2005-12-19',4840,-0.5377,5547,-1.0377),
 (249,'2005-12-27',4840,-1.8662,5548,-1.8662),
 (249,'2006-01-03',4840,3.3015,5549,3.3015);
INSERT INTO `investor_performances` (`investor_id`,`date`,`pm_id`,`actualized_return`,`id`,`after_cost_return`) VALUES 
 (249,'2006-01-09',4827,4.9550,5550,4.9550),
 (250,'2005-09-26',4828,0.7649,5551,0.0221),
 (250,'2005-10-03',4838,-3.8625,5552,-4.3625),
 (250,'2005-10-10',4819,-3.1531,5553,-3.6531),
 (250,'2005-10-17',4818,3.0741,5554,2.5741),
 (250,'2005-10-24',4839,5.0651,5555,4.5651),
 (250,'2005-10-31',4839,9.1413,5556,9.1413),
 (250,'2005-11-07',4839,0.0189,5557,0.0189),
 (250,'2005-11-14',4834,2.5128,5558,2.5128),
 (250,'2005-11-21',4821,3.4202,5559,3.4202),
 (250,'2005-11-28',4821,-2.3119,5560,-2.8119),
 (250,'2005-12-05',4840,1.9677,5561,1.4677),
 (250,'2005-12-12',4840,-3.5639,5562,-4.0639),
 (250,'2005-12-19',4840,-0.5377,5563,-1.0377),
 (250,'2005-12-27',4840,-1.8662,5564,-1.8662),
 (250,'2006-01-03',4840,3.3015,5565,3.3015),
 (250,'2006-01-09',4827,4.9550,5566,4.9550),
 (251,'2005-09-26',4828,0.7649,5567,0.0221),
 (251,'2005-10-03',4838,-3.8625,5568,-4.3625),
 (251,'2005-10-10',4819,-3.1531,5569,-3.6531),
 (251,'2005-10-17',4818,3.0741,5570,2.5741);
INSERT INTO `investor_performances` (`investor_id`,`date`,`pm_id`,`actualized_return`,`id`,`after_cost_return`) VALUES 
 (251,'2005-10-24',4839,5.0651,5571,4.5651),
 (251,'2005-10-31',4839,9.1413,5572,9.1413),
 (251,'2005-11-07',4839,0.0189,5573,0.0189),
 (251,'2005-11-14',4834,2.5128,5574,2.5128),
 (251,'2005-11-21',4821,3.4202,5575,3.4202),
 (251,'2005-11-28',4821,-2.3119,5576,-2.8119),
 (251,'2005-12-05',4840,1.9677,5577,1.4677),
 (251,'2005-12-12',4840,-3.5639,5578,-4.0639),
 (251,'2005-12-19',4840,-0.5377,5579,-1.0377),
 (251,'2005-12-27',4840,-1.8662,5580,-1.8662),
 (251,'2006-01-03',4840,3.3015,5581,3.3015),
 (251,'2006-01-09',4827,4.9550,5582,4.9550),
 (252,'2005-09-26',4828,0.7649,5583,0.0221),
 (252,'2005-10-03',4838,-3.8625,5584,-4.3625),
 (252,'2005-10-10',4819,-3.1531,5585,-3.6531),
 (252,'2005-10-17',4818,3.0741,5586,2.5741),
 (252,'2005-10-24',4839,5.0651,5587,4.5651),
 (252,'2005-10-31',4839,9.1413,5588,9.1413),
 (252,'2005-11-07',4839,0.0189,5589,0.0189),
 (252,'2005-11-14',4834,2.5128,5590,2.5128),
 (252,'2005-11-21',4821,3.4202,5591,3.4202);
INSERT INTO `investor_performances` (`investor_id`,`date`,`pm_id`,`actualized_return`,`id`,`after_cost_return`) VALUES 
 (252,'2005-11-28',4821,-2.3119,5592,-2.8119),
 (252,'2005-12-05',4840,1.9677,5593,1.4677),
 (252,'2005-12-12',4840,-3.5639,5594,-4.0639),
 (252,'2005-12-19',4840,-0.5377,5595,-1.0377),
 (252,'2005-12-27',4840,-1.8662,5596,-1.8662),
 (252,'2006-01-03',4840,3.3015,5597,3.3015),
 (252,'2006-01-09',4827,4.9550,5598,4.9550),
 (253,'2005-09-26',4828,0.7649,5599,0.0221),
 (253,'2005-10-03',4838,-3.8625,5600,-4.3625),
 (253,'2005-10-10',4819,-3.1531,5601,-3.6531),
 (253,'2005-10-17',4818,3.0741,5602,2.5741),
 (253,'2005-10-24',4839,5.0651,5603,4.5651),
 (253,'2005-10-31',4839,9.1413,5604,9.1413),
 (253,'2005-11-07',4839,0.0189,5605,0.0189),
 (253,'2005-11-14',4834,2.5128,5606,2.5128),
 (253,'2005-11-21',4821,3.4202,5607,3.4202),
 (253,'2005-11-28',4821,-2.3119,5608,-2.8119),
 (253,'2005-12-05',4840,1.9677,5609,1.4677),
 (253,'2005-12-12',4840,-3.5639,5610,-4.0639),
 (253,'2005-12-19',4840,-0.5377,5611,-1.0377),
 (253,'2005-12-27',4840,-1.8662,5612,-1.8662);
INSERT INTO `investor_performances` (`investor_id`,`date`,`pm_id`,`actualized_return`,`id`,`after_cost_return`) VALUES 
 (253,'2006-01-03',4840,3.3015,5613,3.3015),
 (253,'2006-01-09',4840,2.1974,5614,2.1974),
 (254,'2005-09-26',4828,0.7649,5615,0.0221),
 (254,'2005-10-03',4838,-3.8625,5616,-4.3625),
 (254,'2005-10-10',4819,-3.1531,5617,-3.6531),
 (254,'2005-10-17',4818,3.0741,5618,2.5741),
 (254,'2005-10-24',4839,5.0651,5619,4.5651),
 (254,'2005-10-31',4839,9.1413,5620,9.1413),
 (254,'2005-11-07',4839,0.0189,5621,0.0189),
 (254,'2005-11-14',4834,2.5128,5622,2.5128),
 (254,'2005-11-21',4834,7.0988,5623,6.7926),
 (254,'2005-11-28',4840,4.1736,5624,3.8674),
 (254,'2005-12-05',4840,1.9677,5625,1.9677),
 (254,'2005-12-12',4840,-3.5639,5626,-4.0639),
 (254,'2005-12-19',4840,-0.5377,5627,-1.0377),
 (254,'2005-12-27',4840,-1.8662,5628,-1.8662),
 (254,'2006-01-03',4840,3.3015,5629,3.3015),
 (254,'2006-01-09',4840,2.1974,5630,2.1974),
 (255,'2005-09-26',4828,0.7649,5631,0.0221),
 (255,'2005-10-03',4828,-4.2646,5632,-4.2646),
 (255,'2005-10-10',4828,5.1162,5633,5.1162);
INSERT INTO `investor_performances` (`investor_id`,`date`,`pm_id`,`actualized_return`,`id`,`after_cost_return`) VALUES 
 (255,'2005-10-17',4828,3.2356,5634,3.2356),
 (255,'2005-10-24',4828,-2.0343,5635,-2.0343),
 (255,'2005-10-31',4839,9.1413,5636,9.1413),
 (255,'2005-11-07',4839,0.0189,5637,0.0189),
 (255,'2005-11-14',4834,2.5128,5638,2.5128),
 (255,'2005-11-21',4834,7.0988,5639,6.7926),
 (255,'2005-11-28',4840,4.1736,5640,3.8674),
 (255,'2005-12-05',4840,1.9677,5641,1.9677),
 (255,'2005-12-12',4840,-3.5639,5642,-4.0639),
 (255,'2005-12-19',4840,-0.5377,5643,-1.0377),
 (255,'2005-12-27',4840,-1.8662,5644,-1.8662),
 (255,'2006-01-03',4840,3.3015,5645,3.3015),
 (255,'2006-01-09',4840,2.1974,5646,2.1974),
 (256,'2005-09-26',4828,0.7649,5647,0.0221),
 (256,'2005-10-03',4828,-4.2646,5648,-4.2646),
 (256,'2005-10-10',4828,5.1162,5649,5.1162),
 (256,'2005-10-17',4828,3.2356,5650,3.2356),
 (256,'2005-10-24',4828,-2.0343,5651,-2.0343),
 (256,'2005-10-31',4839,9.1413,5652,9.1413),
 (256,'2005-11-07',4839,0.0189,5653,0.0189),
 (256,'2005-11-14',4834,2.5128,5654,2.5128);
INSERT INTO `investor_performances` (`investor_id`,`date`,`pm_id`,`actualized_return`,`id`,`after_cost_return`) VALUES 
 (256,'2005-11-21',4834,7.0988,5655,6.7926),
 (256,'2005-11-28',4840,4.1736,5656,3.8674),
 (256,'2005-12-05',4840,1.9677,5657,1.9677),
 (256,'2005-12-12',4840,-3.5639,5658,-4.0639),
 (256,'2005-12-19',4840,-0.5377,5659,-1.0377),
 (256,'2005-12-27',4840,-1.8662,5660,-1.8662),
 (256,'2006-01-03',4840,3.3015,5661,3.3015),
 (256,'2006-01-09',4840,2.1974,5662,2.1974),
 (257,'2005-09-26',4828,0.7649,5663,0.0221),
 (257,'2005-10-03',4828,-4.2646,5664,-4.2646),
 (257,'2005-10-10',4828,5.1162,5665,5.1162),
 (257,'2005-10-17',4828,3.2356,5666,3.2356),
 (257,'2005-10-24',4828,-2.0343,5667,-2.0343),
 (257,'2005-10-31',4839,9.1413,5668,9.1413),
 (257,'2005-11-07',4839,0.0189,5669,0.0189),
 (257,'2005-11-14',4834,2.5128,5670,2.5128),
 (257,'2005-11-21',4834,7.0988,5671,6.7926),
 (257,'2005-11-28',4840,4.1736,5672,3.8674),
 (257,'2005-12-05',4840,1.9677,5673,1.9677),
 (257,'2005-12-12',4840,-3.5639,5674,-4.0639),
 (257,'2005-12-19',4840,-0.5377,5675,-1.0377);
INSERT INTO `investor_performances` (`investor_id`,`date`,`pm_id`,`actualized_return`,`id`,`after_cost_return`) VALUES 
 (257,'2005-12-27',4840,-1.8662,5676,-1.8662),
 (257,'2006-01-03',4840,3.3015,5677,3.3015),
 (257,'2006-01-09',4840,2.1974,5678,2.1974),
 (258,'2005-09-26',4828,0.7649,5679,0.0221),
 (258,'2005-10-03',4828,-4.2646,5680,-4.2646),
 (258,'2005-10-10',4828,5.1162,5681,5.1162),
 (258,'2005-10-17',4828,3.2356,5682,3.2356),
 (258,'2005-10-24',4828,-2.0343,5683,-2.0343),
 (258,'2005-10-31',4839,9.1413,5684,9.1413),
 (258,'2005-11-07',4839,0.0189,5685,0.0189),
 (258,'2005-11-14',4834,2.5128,5686,2.5128),
 (258,'2005-11-21',4834,7.0988,5687,6.7926),
 (258,'2005-11-28',4840,4.1736,5688,3.8674),
 (258,'2005-12-05',4840,1.9677,5689,1.9677),
 (258,'2005-12-12',4840,-3.5639,5690,-4.0639),
 (258,'2005-12-19',4840,-0.5377,5691,-1.0377),
 (258,'2005-12-27',4840,-1.8662,5692,-1.8662),
 (258,'2006-01-03',4840,3.3015,5693,3.3015),
 (258,'2006-01-09',4840,2.1974,5694,2.1974),
 (259,'2005-09-26',4828,0.7649,5695,0.0221),
 (259,'2005-10-03',4828,-4.2646,5696,-4.2646);
INSERT INTO `investor_performances` (`investor_id`,`date`,`pm_id`,`actualized_return`,`id`,`after_cost_return`) VALUES 
 (259,'2005-10-10',4828,5.1162,5697,5.1162),
 (259,'2005-10-17',4828,3.2356,5698,3.2356),
 (259,'2005-10-24',4828,-2.0343,5699,-2.0343),
 (259,'2005-10-31',4839,9.1413,5700,9.1413),
 (259,'2005-11-07',4839,0.0189,5701,0.0189),
 (259,'2005-11-14',4839,2.6116,5702,2.6116),
 (259,'2005-11-21',4839,7.1114,5703,7.1114),
 (259,'2005-11-28',4839,-2.2468,5704,-2.6661),
 (259,'2005-12-05',4840,1.9677,5705,1.5484),
 (259,'2005-12-12',4840,-3.5639,5706,-4.0639),
 (259,'2005-12-19',4840,-0.5377,5707,-1.0377),
 (259,'2005-12-27',4840,-1.8662,5708,-1.8662),
 (259,'2006-01-03',4840,3.3015,5709,3.3015),
 (259,'2006-01-09',4840,2.1974,5710,2.1974),
 (260,'2005-10-03',4829,-2.3560,5711,-3.4639),
 (260,'2005-10-10',4829,-1.2092,5712,-1.2092),
 (260,'2005-10-17',4819,12.3251,5713,12.3251),
 (260,'2005-10-24',4819,3.8011,5714,3.8011),
 (260,'2005-10-31',4819,9.6892,5715,9.2751),
 (260,'2005-11-07',4839,0.0189,5716,-0.3952),
 (260,'2005-11-14',4839,2.6116,5717,2.6116);
INSERT INTO `investor_performances` (`investor_id`,`date`,`pm_id`,`actualized_return`,`id`,`after_cost_return`) VALUES 
 (260,'2005-11-21',4834,7.0988,5718,6.7926),
 (260,'2005-11-28',4834,0.3147,5719,0.0085),
 (260,'2005-12-05',4834,-0.9412,5720,-0.9412),
 (260,'2005-12-12',4834,-2.0328,5721,-2.0328),
 (260,'2005-12-19',4840,-0.5377,5722,-0.5377),
 (260,'2005-12-27',4840,-1.8662,5723,-1.8662),
 (260,'2006-01-03',4840,3.3015,5724,3.3015),
 (260,'2006-01-09',4827,4.9550,5725,4.9550),
 (261,'2005-10-03',4829,-2.3560,5726,-3.4639),
 (261,'2005-10-10',4829,-1.2092,5727,-1.2092),
 (261,'2005-10-17',4819,12.3251,5728,12.3251),
 (261,'2005-10-24',4819,3.8011,5729,3.8011),
 (261,'2005-10-31',4819,9.6892,5730,9.2751),
 (261,'2005-11-07',4839,0.0189,5731,-0.3952),
 (261,'2005-11-14',4839,2.6116,5732,2.6116),
 (261,'2005-11-21',4834,7.0988,5733,6.7926),
 (261,'2005-11-28',4834,0.3147,5734,0.0085),
 (261,'2005-12-05',4834,-0.9412,5735,-0.9412),
 (261,'2005-12-12',4834,-2.0328,5736,-2.0328),
 (261,'2005-12-19',4840,-0.5377,5737,-0.5377),
 (261,'2005-12-27',4840,-1.8662,5738,-1.8662);
INSERT INTO `investor_performances` (`investor_id`,`date`,`pm_id`,`actualized_return`,`id`,`after_cost_return`) VALUES 
 (261,'2006-01-03',4840,3.3015,5739,3.3015),
 (261,'2006-01-09',4827,4.9550,5740,4.9550),
 (262,'2005-10-03',4829,-2.3560,5741,-3.4639),
 (262,'2005-10-10',4829,-1.2092,5742,-1.2092),
 (262,'2005-10-17',4819,12.3251,5743,12.3251),
 (262,'2005-10-24',4819,3.8011,5744,3.8011),
 (262,'2005-10-31',4819,9.6892,5745,9.2751),
 (262,'2005-11-07',4839,0.0189,5746,-0.3952),
 (262,'2005-11-14',4839,2.6116,5747,2.6116),
 (262,'2005-11-21',4834,7.0988,5748,6.7926),
 (262,'2005-11-28',4834,0.3147,5749,0.0085),
 (262,'2005-12-05',4834,-0.9412,5750,-0.9412),
 (262,'2005-12-12',4834,-2.0328,5751,-2.0328),
 (262,'2005-12-19',4840,-0.5377,5752,-0.5377),
 (262,'2005-12-27',4840,-1.8662,5753,-1.8662),
 (262,'2006-01-03',4840,3.3015,5754,3.3015),
 (262,'2006-01-09',4827,4.9550,5755,4.9550),
 (263,'2005-10-03',4829,-2.3560,5756,-3.4639),
 (263,'2005-10-10',4829,-1.2092,5757,-1.2092),
 (263,'2005-10-17',4819,12.3251,5758,12.3251),
 (263,'2005-10-24',4819,3.8011,5759,3.8011);
INSERT INTO `investor_performances` (`investor_id`,`date`,`pm_id`,`actualized_return`,`id`,`after_cost_return`) VALUES 
 (263,'2005-10-31',4819,9.6892,5760,9.2751),
 (263,'2005-11-07',4839,0.0189,5761,-0.3952),
 (263,'2005-11-14',4839,2.6116,5762,2.6116),
 (263,'2005-11-21',4834,7.0988,5763,6.7926),
 (263,'2005-11-28',4834,0.3147,5764,0.0085),
 (263,'2005-12-05',4834,-0.9412,5765,-0.9412),
 (263,'2005-12-12',4834,-2.0328,5766,-2.0328),
 (263,'2005-12-19',4840,-0.5377,5767,-0.5377),
 (263,'2005-12-27',4840,-1.8662,5768,-1.8662),
 (263,'2006-01-03',4840,3.3015,5769,3.3015),
 (263,'2006-01-09',4827,4.9550,5770,4.9550),
 (264,'2005-10-03',4829,-2.3560,5771,-3.4639),
 (264,'2005-10-10',4829,-1.2092,5772,-1.2092),
 (264,'2005-10-17',4819,12.3251,5773,12.3251),
 (264,'2005-10-24',4819,3.8011,5774,3.8011),
 (264,'2005-10-31',4819,9.6892,5775,9.2751),
 (264,'2005-11-07',4839,0.0189,5776,-0.3952),
 (264,'2005-11-14',4839,2.6116,5777,2.6116),
 (264,'2005-11-21',4839,7.1114,5778,7.1114),
 (264,'2005-11-28',4839,-2.2468,5779,-2.6661),
 (264,'2005-12-05',4840,1.9677,5780,1.5484);
INSERT INTO `investor_performances` (`investor_id`,`date`,`pm_id`,`actualized_return`,`id`,`after_cost_return`) VALUES 
 (264,'2005-12-12',4840,-3.5639,5781,-4.0639),
 (264,'2005-12-19',4840,-0.5377,5782,-1.0377),
 (264,'2005-12-27',4840,-1.8662,5783,-1.8662),
 (264,'2006-01-03',4840,3.3015,5784,3.3015),
 (264,'2006-01-09',4840,2.1974,5785,2.1974),
 (265,'2005-10-03',4829,-2.3560,5786,-3.4639),
 (265,'2005-10-10',4829,-1.2092,5787,-1.2092),
 (265,'2005-10-17',4819,12.3251,5788,12.3251),
 (265,'2005-10-24',4819,3.8011,5789,3.8011),
 (265,'2005-10-31',4819,9.6892,5790,9.2751),
 (265,'2005-11-07',4839,0.0189,5791,-0.3952),
 (265,'2005-11-14',4839,2.6116,5792,2.6116),
 (265,'2005-11-21',4839,7.1114,5793,7.1114),
 (265,'2005-11-28',4839,-2.2468,5794,-2.6661),
 (265,'2005-12-05',4840,1.9677,5795,1.5484),
 (265,'2005-12-12',4840,-3.5639,5796,-4.0639),
 (265,'2005-12-19',4840,-0.5377,5797,-1.0377),
 (265,'2005-12-27',4840,-1.8662,5798,-1.8662),
 (265,'2006-01-03',4840,3.3015,5799,3.3015),
 (265,'2006-01-09',4840,2.1974,5800,2.1974),
 (266,'2005-10-03',4829,-2.3560,5801,-3.4639);
INSERT INTO `investor_performances` (`investor_id`,`date`,`pm_id`,`actualized_return`,`id`,`after_cost_return`) VALUES 
 (266,'2005-10-10',4829,-1.2092,5802,-1.2092),
 (266,'2005-10-17',4819,12.3251,5803,12.3251),
 (266,'2005-10-24',4819,3.8011,5804,3.8011),
 (266,'2005-10-31',4819,9.6892,5805,9.2751),
 (266,'2005-11-07',4839,0.0189,5806,-0.3952),
 (266,'2005-11-14',4839,2.6116,5807,2.6116),
 (266,'2005-11-21',4839,7.1114,5808,7.1114),
 (266,'2005-11-28',4839,-2.2468,5809,-2.6661),
 (266,'2005-12-05',4840,1.9677,5810,1.5484),
 (266,'2005-12-12',4840,-3.5639,5811,-4.0639),
 (266,'2005-12-19',4840,-0.5377,5812,-1.0377),
 (266,'2005-12-27',4840,-1.8662,5813,-1.8662),
 (266,'2006-01-03',4840,3.3015,5814,3.3015),
 (266,'2006-01-09',4840,2.1974,5815,2.1974),
 (267,'2005-10-03',4829,-2.3560,5816,-3.4639),
 (267,'2005-10-10',4829,-1.2092,5817,-1.2092),
 (267,'2005-10-17',4819,12.3251,5818,12.3251),
 (267,'2005-10-24',4819,3.8011,5819,3.8011),
 (267,'2005-10-31',4819,9.6892,5820,9.2751),
 (267,'2005-11-07',4839,0.0189,5821,-0.3952),
 (267,'2005-11-14',4839,2.6116,5822,2.6116);
INSERT INTO `investor_performances` (`investor_id`,`date`,`pm_id`,`actualized_return`,`id`,`after_cost_return`) VALUES 
 (267,'2005-11-21',4839,7.1114,5823,7.1114),
 (267,'2005-11-28',4839,-2.2468,5824,-2.6661),
 (267,'2005-12-05',4840,1.9677,5825,1.5484),
 (267,'2005-12-12',4840,-3.5639,5826,-4.0639),
 (267,'2005-12-19',4840,-0.5377,5827,-1.0377),
 (267,'2005-12-27',4840,-1.8662,5828,-1.8662),
 (267,'2006-01-03',4840,3.3015,5829,3.3015),
 (267,'2006-01-09',4840,2.1974,5830,2.1974),
 (268,'2005-10-03',4829,-2.3560,5831,-3.4639),
 (268,'2005-10-10',4829,-1.2092,5832,-1.2092),
 (268,'2005-10-17',4819,12.3251,5833,12.3251),
 (268,'2005-10-24',4819,3.8011,5834,3.8011),
 (268,'2005-10-31',4819,9.6892,5835,9.2751),
 (268,'2005-11-07',4839,0.0189,5836,-0.3952),
 (268,'2005-11-14',4839,2.6116,5837,2.6116),
 (268,'2005-11-21',4839,7.1114,5838,7.1114),
 (268,'2005-11-28',4839,-2.2468,5839,-2.6661),
 (268,'2005-12-05',4840,1.9677,5840,1.5484),
 (268,'2005-12-12',4840,-3.5639,5841,-4.0639),
 (268,'2005-12-19',4840,-0.5377,5842,-1.0377),
 (268,'2005-12-27',4840,-1.8662,5843,-1.8662);
INSERT INTO `investor_performances` (`investor_id`,`date`,`pm_id`,`actualized_return`,`id`,`after_cost_return`) VALUES 
 (268,'2006-01-03',4840,3.3015,5844,3.3015),
 (268,'2006-01-09',4840,2.1974,5845,2.1974),
 (269,'2005-10-03',4829,-2.3560,5846,-3.4639),
 (269,'2005-10-10',4829,-1.2092,5847,-1.2092),
 (269,'2005-10-17',4819,12.3251,5848,12.3251),
 (269,'2005-10-24',4819,3.8011,5849,3.8011),
 (269,'2005-10-31',4819,9.6892,5850,9.2751),
 (269,'2005-11-07',4839,0.0189,5851,-0.3952),
 (269,'2005-11-14',4839,2.6116,5852,2.6116),
 (269,'2005-11-21',4839,7.1114,5853,7.1114),
 (269,'2005-11-28',4839,-2.2468,5854,-2.6661),
 (269,'2005-12-05',4840,1.9677,5855,1.5484),
 (269,'2005-12-12',4840,-3.5639,5856,-4.0639),
 (269,'2005-12-19',4840,-0.5377,5857,-1.0377),
 (269,'2005-12-27',4840,-1.8662,5858,-1.8662),
 (269,'2006-01-03',4840,3.3015,5859,3.3015),
 (269,'2006-01-09',4840,2.1974,5860,2.1974),
 (270,'2005-10-03',4829,-2.3560,5861,-3.4639),
 (270,'2005-10-10',4829,-1.2092,5862,-1.2092),
 (270,'2005-10-17',4819,12.3251,5863,12.3251),
 (270,'2005-10-24',4819,3.8011,5864,3.8011);
INSERT INTO `investor_performances` (`investor_id`,`date`,`pm_id`,`actualized_return`,`id`,`after_cost_return`) VALUES 
 (270,'2005-10-31',4819,9.6892,5865,9.2751),
 (270,'2005-11-07',4839,0.0189,5866,-0.3952),
 (270,'2005-11-14',4839,2.6116,5867,2.6116),
 (270,'2005-11-21',4839,7.1114,5868,7.1114),
 (270,'2005-11-28',4839,-2.2468,5869,-2.6661),
 (270,'2005-12-05',4840,1.9677,5870,1.5484),
 (270,'2005-12-12',4840,-3.5639,5871,-4.0639),
 (270,'2005-12-19',4840,-0.5377,5872,-1.0377),
 (270,'2005-12-27',4840,-1.8662,5873,-1.8662),
 (270,'2006-01-03',4840,3.3015,5874,3.3015),
 (270,'2006-01-09',4840,2.1974,5875,2.1974),
 (271,'2005-10-10',4829,-1.2092,5876,-1.7092),
 (271,'2005-10-17',4839,14.2939,5877,14.2939),
 (271,'2005-10-24',4839,5.0651,5878,5.0651),
 (271,'2005-10-31',4839,9.1413,5879,9.1413),
 (271,'2005-11-07',4839,0.0189,5880,0.0189),
 (271,'2005-11-14',4839,2.6116,5881,2.6116),
 (271,'2005-11-21',4839,7.1114,5882,7.1114),
 (271,'2005-11-28',4839,-2.2468,5883,-2.6661),
 (271,'2005-12-05',4840,1.9677,5884,1.5484),
 (271,'2005-12-12',4840,-3.5639,5885,-4.0639);
INSERT INTO `investor_performances` (`investor_id`,`date`,`pm_id`,`actualized_return`,`id`,`after_cost_return`) VALUES 
 (271,'2005-12-19',4840,-0.5377,5886,-1.0377),
 (271,'2005-12-27',4840,-1.8662,5887,-1.8662),
 (271,'2006-01-03',4840,3.3015,5888,3.3015),
 (271,'2006-01-09',4832,3.3980,5889,3.3980),
 (272,'2005-10-10',4829,-1.2092,5890,-1.7092),
 (272,'2005-10-17',4839,14.2939,5891,14.2939),
 (272,'2005-10-24',4839,5.0651,5892,5.0651),
 (272,'2005-10-31',4839,9.1413,5893,9.1413),
 (272,'2005-11-07',4839,0.0189,5894,0.0189),
 (272,'2005-11-14',4839,2.6116,5895,2.6116),
 (272,'2005-11-21',4839,7.1114,5896,7.1114),
 (272,'2005-11-28',4839,-2.2468,5897,-2.6661),
 (272,'2005-12-05',4840,1.9677,5898,1.5484),
 (272,'2005-12-12',4840,-3.5639,5899,-4.0639),
 (272,'2005-12-19',4840,-0.5377,5900,-1.0377),
 (272,'2005-12-27',4840,-1.8662,5901,-1.8662),
 (272,'2006-01-03',4840,3.3015,5902,3.3015),
 (272,'2006-01-09',4832,3.3980,5903,3.3980),
 (273,'2005-10-10',4829,-1.2092,5904,-1.7092),
 (273,'2005-10-17',4839,14.2939,5905,14.2939),
 (273,'2005-10-24',4839,5.0651,5906,5.0651);
INSERT INTO `investor_performances` (`investor_id`,`date`,`pm_id`,`actualized_return`,`id`,`after_cost_return`) VALUES 
 (273,'2005-10-31',4839,9.1413,5907,9.1413),
 (273,'2005-11-07',4839,0.0189,5908,0.0189),
 (273,'2005-11-14',4839,2.6116,5909,2.6116),
 (273,'2005-11-21',4839,7.1114,5910,7.1114),
 (273,'2005-11-28',4839,-2.2468,5911,-2.6661),
 (273,'2005-12-05',4840,1.9677,5912,1.5484),
 (273,'2005-12-12',4840,-3.5639,5913,-4.0639),
 (273,'2005-12-19',4840,-0.5377,5914,-1.0377),
 (273,'2005-12-27',4840,-1.8662,5915,-1.8662),
 (273,'2006-01-03',4840,3.3015,5916,3.3015),
 (273,'2006-01-09',4832,3.3980,5917,3.3980),
 (274,'2005-10-10',4829,-1.2092,5918,-1.7092),
 (274,'2005-10-17',4839,14.2939,5919,14.2939),
 (274,'2005-10-24',4839,5.0651,5920,5.0651),
 (274,'2005-10-31',4839,9.1413,5921,9.1413),
 (274,'2005-11-07',4839,0.0189,5922,0.0189),
 (274,'2005-11-14',4839,2.6116,5923,2.6116),
 (274,'2005-11-21',4839,7.1114,5924,7.1114),
 (274,'2005-11-28',4839,-2.2468,5925,-2.6661),
 (274,'2005-12-05',4840,1.9677,5926,1.5484),
 (274,'2005-12-12',4840,-3.5639,5927,-4.0639);
INSERT INTO `investor_performances` (`investor_id`,`date`,`pm_id`,`actualized_return`,`id`,`after_cost_return`) VALUES 
 (274,'2005-12-19',4840,-0.5377,5928,-1.0377),
 (274,'2005-12-27',4840,-1.8662,5929,-1.8662),
 (274,'2006-01-03',4840,3.3015,5930,3.3015),
 (274,'2006-01-09',4832,3.3980,5931,3.3980),
 (275,'2005-10-10',4829,-1.2092,5932,-1.7092),
 (275,'2005-10-17',4839,14.2939,5933,14.2939),
 (275,'2005-10-24',4839,5.0651,5934,5.0651),
 (275,'2005-10-31',4839,9.1413,5935,9.1413),
 (275,'2005-11-07',4839,0.0189,5936,0.0189),
 (275,'2005-11-14',4839,2.6116,5937,2.6116),
 (275,'2005-11-21',4839,7.1114,5938,7.1114),
 (275,'2005-11-28',4839,-2.2468,5939,-2.6661),
 (275,'2005-12-05',4840,1.9677,5940,1.5484),
 (275,'2005-12-12',4840,-3.5639,5941,-4.0639),
 (275,'2005-12-19',4840,-0.5377,5942,-1.0377),
 (275,'2005-12-27',4840,-1.8662,5943,-1.8662),
 (275,'2006-01-03',4840,3.3015,5944,3.3015),
 (275,'2006-01-09',4840,2.1974,5945,2.1974),
 (276,'2005-10-10',4829,-1.2092,5946,-1.7092),
 (276,'2005-10-17',4839,14.2939,5947,14.2939),
 (276,'2005-10-24',4839,5.0651,5948,5.0651);
INSERT INTO `investor_performances` (`investor_id`,`date`,`pm_id`,`actualized_return`,`id`,`after_cost_return`) VALUES 
 (276,'2005-10-31',4839,9.1413,5949,9.1413),
 (276,'2005-11-07',4839,0.0189,5950,0.0189),
 (276,'2005-11-14',4839,2.6116,5951,2.6116),
 (276,'2005-11-21',4839,7.1114,5952,7.1114),
 (276,'2005-11-28',4839,-2.2468,5953,-2.6661),
 (276,'2005-12-05',4840,1.9677,5954,1.5484),
 (276,'2005-12-12',4840,-3.5639,5955,-4.0639),
 (276,'2005-12-19',4840,-0.5377,5956,-1.0377),
 (276,'2005-12-27',4840,-1.8662,5957,-1.8662),
 (276,'2006-01-03',4840,3.3015,5958,3.3015),
 (276,'2006-01-09',4840,2.1974,5959,2.1974),
 (277,'2005-10-10',4829,-1.2092,5960,-1.7092),
 (277,'2005-10-17',4839,14.2939,5961,14.2939),
 (277,'2005-10-24',4839,5.0651,5962,5.0651),
 (277,'2005-10-31',4839,9.1413,5963,9.1413),
 (277,'2005-11-07',4839,0.0189,5964,0.0189),
 (277,'2005-11-14',4839,2.6116,5965,2.6116),
 (277,'2005-11-21',4839,7.1114,5966,7.1114),
 (277,'2005-11-28',4839,-2.2468,5967,-2.6661),
 (277,'2005-12-05',4840,1.9677,5968,1.5484),
 (277,'2005-12-12',4840,-3.5639,5969,-4.0639);
INSERT INTO `investor_performances` (`investor_id`,`date`,`pm_id`,`actualized_return`,`id`,`after_cost_return`) VALUES 
 (277,'2005-12-19',4840,-0.5377,5970,-1.0377),
 (277,'2005-12-27',4840,-1.8662,5971,-1.8662),
 (277,'2006-01-03',4840,3.3015,5972,3.3015),
 (277,'2006-01-09',4840,2.1974,5973,2.1974),
 (278,'2005-10-10',4829,-1.2092,5974,-1.7092),
 (278,'2005-10-17',4839,14.2939,5975,14.2939),
 (278,'2005-10-24',4839,5.0651,5976,5.0651),
 (278,'2005-10-31',4839,9.1413,5977,9.1413),
 (278,'2005-11-07',4839,0.0189,5978,0.0189),
 (278,'2005-11-14',4839,2.6116,5979,2.6116),
 (278,'2005-11-21',4839,7.1114,5980,7.1114),
 (278,'2005-11-28',4839,-2.2468,5981,-2.6661),
 (278,'2005-12-05',4840,1.9677,5982,1.5484),
 (278,'2005-12-12',4840,-3.5639,5983,-4.0639),
 (278,'2005-12-19',4840,-0.5377,5984,-1.0377),
 (278,'2005-12-27',4840,-1.8662,5985,-1.8662),
 (278,'2006-01-03',4840,3.3015,5986,3.3015),
 (278,'2006-01-09',4840,2.1974,5987,2.1974),
 (279,'2005-10-10',4829,-1.2092,5988,-1.7092),
 (279,'2005-10-17',4839,14.2939,5989,14.2939),
 (279,'2005-10-24',4839,5.0651,5990,5.0651);
INSERT INTO `investor_performances` (`investor_id`,`date`,`pm_id`,`actualized_return`,`id`,`after_cost_return`) VALUES 
 (279,'2005-10-31',4839,9.1413,5991,9.1413),
 (279,'2005-11-07',4839,0.0189,5992,0.0189),
 (279,'2005-11-14',4839,2.6116,5993,2.6116),
 (279,'2005-11-21',4839,7.1114,5994,7.1114),
 (279,'2005-11-28',4839,-2.2468,5995,-2.6661),
 (279,'2005-12-05',4840,1.9677,5996,1.5484),
 (279,'2005-12-12',4840,-3.5639,5997,-4.0639),
 (279,'2005-12-19',4840,-0.5377,5998,-1.0377),
 (279,'2005-12-27',4840,-1.8662,5999,-1.8662),
 (279,'2006-01-03',4840,3.3015,6000,3.3015),
 (279,'2006-01-09',4840,2.1974,6001,2.1974),
 (280,'2005-10-10',4829,-1.2092,6002,-1.7092),
 (280,'2005-10-17',4839,14.2939,6003,14.2939),
 (280,'2005-10-24',4839,5.0651,6004,5.0651),
 (280,'2005-10-31',4839,9.1413,6005,9.1413),
 (280,'2005-11-07',4839,0.0189,6006,0.0189),
 (280,'2005-11-14',4839,2.6116,6007,2.6116),
 (280,'2005-11-21',4839,7.1114,6008,7.1114),
 (280,'2005-11-28',4839,-2.2468,6009,-2.6661),
 (280,'2005-12-05',4840,1.9677,6010,1.5484),
 (280,'2005-12-12',4840,-3.5639,6011,-4.0639);
INSERT INTO `investor_performances` (`investor_id`,`date`,`pm_id`,`actualized_return`,`id`,`after_cost_return`) VALUES 
 (280,'2005-12-19',4840,-0.5377,6012,-1.0377),
 (280,'2005-12-27',4840,-1.8662,6013,-1.8662),
 (280,'2006-01-03',4840,3.3015,6014,3.3015),
 (280,'2006-01-09',4840,2.1974,6015,2.1974),
 (281,'2005-10-10',4829,-1.2092,6016,-1.7092),
 (281,'2005-10-17',4839,14.2939,6017,14.2939),
 (281,'2005-10-24',4839,5.0651,6018,5.0651),
 (281,'2005-10-31',4839,9.1413,6019,9.1413),
 (281,'2005-11-07',4839,0.0189,6020,0.0189),
 (281,'2005-11-14',4839,2.6116,6021,2.6116),
 (281,'2005-11-21',4839,7.1114,6022,7.1114),
 (281,'2005-11-28',4839,-2.2468,6023,-2.6661),
 (281,'2005-12-05',4840,1.9677,6024,1.5484),
 (281,'2005-12-12',4840,-3.5639,6025,-4.0639),
 (281,'2005-12-19',4840,-0.5377,6026,-1.0377),
 (281,'2005-12-27',4840,-1.8662,6027,-1.8662),
 (281,'2006-01-03',4840,3.3015,6028,3.3015),
 (281,'2006-01-09',4840,2.1974,6029,2.1974),
 (282,'2005-10-17',4831,13.0295,6030,11.5295),
 (282,'2005-10-24',4831,4.6785,6031,4.6785),
 (282,'2005-10-31',4831,8.8341,6032,8.8341);
INSERT INTO `investor_performances` (`investor_id`,`date`,`pm_id`,`actualized_return`,`id`,`after_cost_return`) VALUES 
 (282,'2005-11-07',4839,0.0189,6033,0.0189),
 (282,'2005-11-14',4839,2.6116,6034,2.6116),
 (282,'2005-11-21',4839,7.1114,6035,7.1114),
 (282,'2005-11-28',4839,-2.2468,6036,-2.6661),
 (282,'2005-12-05',4834,-0.9412,6037,-1.3605),
 (282,'2005-12-12',4834,-2.0328,6038,-2.0328),
 (282,'2005-12-19',4840,-0.5377,6039,-0.5377),
 (282,'2005-12-27',4840,-1.8662,6040,-1.8662),
 (282,'2006-01-03',4840,3.3015,6041,3.3015),
 (282,'2006-01-09',4832,3.3980,6042,3.3980),
 (283,'2005-10-17',4831,13.0295,6043,11.5295),
 (283,'2005-10-24',4831,4.6785,6044,4.6785),
 (283,'2005-10-31',4831,8.8341,6045,8.8341),
 (283,'2005-11-07',4831,0.0208,6046,0.0208),
 (283,'2005-11-14',4839,2.6116,6047,2.6116),
 (283,'2005-11-21',4839,7.1114,6048,7.1114),
 (283,'2005-11-28',4839,-2.2468,6049,-2.6661),
 (283,'2005-12-05',4834,-0.9412,6050,-1.3605),
 (283,'2005-12-12',4834,-2.0328,6051,-2.0328),
 (283,'2005-12-19',4840,-0.5377,6052,-0.5377),
 (283,'2005-12-27',4840,-1.8662,6053,-1.8662);
INSERT INTO `investor_performances` (`investor_id`,`date`,`pm_id`,`actualized_return`,`id`,`after_cost_return`) VALUES 
 (283,'2006-01-03',4840,3.3015,6054,3.3015),
 (283,'2006-01-09',4832,3.3980,6055,3.3980),
 (284,'2005-10-17',4831,13.0295,6056,11.5295),
 (284,'2005-10-24',4831,4.6785,6057,4.6785),
 (284,'2005-10-31',4831,8.8341,6058,8.8341),
 (284,'2005-11-07',4831,0.0208,6059,0.0208),
 (284,'2005-11-14',4839,2.6116,6060,2.6116),
 (284,'2005-11-21',4839,7.1114,6061,7.1114),
 (284,'2005-11-28',4839,-2.2468,6062,-2.6661),
 (284,'2005-12-05',4834,-0.9412,6063,-1.3605),
 (284,'2005-12-12',4834,-2.0328,6064,-2.0328),
 (284,'2005-12-19',4840,-0.5377,6065,-0.5377),
 (284,'2005-12-27',4840,-1.8662,6066,-1.8662),
 (284,'2006-01-03',4840,3.3015,6067,3.3015),
 (284,'2006-01-09',4832,3.3980,6068,3.3980),
 (285,'2005-10-17',4831,13.0295,6069,11.5295),
 (285,'2005-10-24',4831,4.6785,6070,4.6785),
 (285,'2005-10-31',4831,8.8341,6071,8.8341),
 (285,'2005-11-07',4831,0.0208,6072,0.0208),
 (285,'2005-11-14',4839,2.6116,6073,2.6116),
 (285,'2005-11-21',4839,7.1114,6074,7.1114);
INSERT INTO `investor_performances` (`investor_id`,`date`,`pm_id`,`actualized_return`,`id`,`after_cost_return`) VALUES 
 (285,'2005-11-28',4839,-2.2468,6075,-2.6661),
 (285,'2005-12-05',4834,-0.9412,6076,-1.3605),
 (285,'2005-12-12',4834,-2.0328,6077,-2.0328),
 (285,'2005-12-19',4840,-0.5377,6078,-0.5377),
 (285,'2005-12-27',4840,-1.8662,6079,-1.8662),
 (285,'2006-01-03',4840,3.3015,6080,3.3015),
 (285,'2006-01-09',4832,3.3980,6081,3.3980),
 (286,'2005-10-17',4831,13.0295,6082,11.5295),
 (286,'2005-10-24',4831,4.6785,6083,4.6785),
 (286,'2005-10-31',4831,8.8341,6084,8.8341),
 (286,'2005-11-07',4831,0.0208,6085,0.0208),
 (286,'2005-11-14',4839,2.6116,6086,2.6116),
 (286,'2005-11-21',4839,7.1114,6087,7.1114),
 (286,'2005-11-28',4839,-2.2468,6088,-2.6661),
 (286,'2005-12-05',4834,-0.9412,6089,-1.3605),
 (286,'2005-12-12',4834,-2.0328,6090,-2.0328),
 (286,'2005-12-19',4840,-0.5377,6091,-0.5377),
 (286,'2005-12-27',4840,-1.8662,6092,-1.8662),
 (286,'2006-01-03',4840,3.3015,6093,3.3015),
 (286,'2006-01-09',4840,2.1974,6094,2.1974),
 (287,'2005-10-17',4831,13.0295,6095,11.5295);
INSERT INTO `investor_performances` (`investor_id`,`date`,`pm_id`,`actualized_return`,`id`,`after_cost_return`) VALUES 
 (287,'2005-10-24',4831,4.6785,6096,4.6785),
 (287,'2005-10-31',4831,8.8341,6097,8.8341),
 (287,'2005-11-07',4831,0.0208,6098,0.0208),
 (287,'2005-11-14',4839,2.6116,6099,2.6116),
 (287,'2005-11-21',4839,7.1114,6100,7.1114),
 (287,'2005-11-28',4839,-2.2468,6101,-2.6661),
 (287,'2005-12-05',4834,-0.9412,6102,-1.3605),
 (287,'2005-12-12',4834,-2.0328,6103,-2.0328),
 (287,'2005-12-19',4834,0.4973,6104,0.4973),
 (287,'2005-12-27',4834,-1.2699,6105,-1.2699),
 (287,'2006-01-03',4834,2.2306,6106,2.2306),
 (287,'2006-01-09',4832,3.3980,6107,3.3980),
 (288,'2005-10-17',4831,13.0295,6108,11.5295),
 (288,'2005-10-24',4831,4.6785,6109,4.6785),
 (288,'2005-10-31',4831,8.8341,6110,8.8341),
 (288,'2005-11-07',4831,0.0208,6111,0.0208),
 (288,'2005-11-14',4839,2.6116,6112,2.6116),
 (288,'2005-11-21',4839,7.1114,6113,7.1114),
 (288,'2005-11-28',4839,-2.2468,6114,-2.6661),
 (288,'2005-12-05',4834,-0.9412,6115,-1.3605),
 (288,'2005-12-12',4834,-2.0328,6116,-2.0328);
INSERT INTO `investor_performances` (`investor_id`,`date`,`pm_id`,`actualized_return`,`id`,`after_cost_return`) VALUES 
 (288,'2005-12-19',4834,0.4973,6117,0.4973),
 (288,'2005-12-27',4834,-1.2699,6118,-1.2699),
 (288,'2006-01-03',4834,2.2306,6119,2.2306),
 (288,'2006-01-09',4834,1.8465,6120,1.3465),
 (289,'2005-10-17',4831,13.0295,6121,11.5295),
 (289,'2005-10-24',4831,4.6785,6122,4.6785),
 (289,'2005-10-31',4831,8.8341,6123,8.8341),
 (289,'2005-11-07',4831,0.0208,6124,0.0208),
 (289,'2005-11-14',4839,2.6116,6125,2.6116),
 (289,'2005-11-21',4839,7.1114,6126,7.1114),
 (289,'2005-11-28',4839,-2.2468,6127,-2.6661),
 (289,'2005-12-05',4834,-0.9412,6128,-1.3605),
 (289,'2005-12-12',4834,-2.0328,6129,-2.0328),
 (289,'2005-12-19',4834,0.4973,6130,0.4973),
 (289,'2005-12-27',4834,-1.2699,6131,-1.2699),
 (289,'2006-01-03',4834,2.2306,6132,2.2306),
 (289,'2006-01-09',4834,1.8465,6133,1.3465),
 (290,'2005-10-17',4831,13.0295,6134,11.5295),
 (290,'2005-10-24',4831,4.6785,6135,4.6785),
 (290,'2005-10-31',4831,8.8341,6136,8.8341),
 (290,'2005-11-07',4831,0.0208,6137,0.0208);
INSERT INTO `investor_performances` (`investor_id`,`date`,`pm_id`,`actualized_return`,`id`,`after_cost_return`) VALUES 
 (290,'2005-11-14',4839,2.6116,6138,2.6116),
 (290,'2005-11-21',4839,7.1114,6139,7.1114),
 (290,'2005-11-28',4839,-2.2468,6140,-2.6661),
 (290,'2005-12-05',4834,-0.9412,6141,-1.3605),
 (290,'2005-12-12',4834,-2.0328,6142,-2.0328),
 (290,'2005-12-19',4834,0.4973,6143,0.4973),
 (290,'2005-12-27',4834,-1.2699,6144,-1.2699),
 (290,'2006-01-03',4834,2.2306,6145,2.2306),
 (290,'2006-01-09',4834,1.8465,6146,1.3465),
 (291,'2005-10-17',4831,13.0295,6147,11.5295),
 (291,'2005-10-24',4831,4.6785,6148,4.6785),
 (291,'2005-10-31',4831,8.8341,6149,8.8341),
 (291,'2005-11-07',4831,0.0208,6150,0.0208),
 (291,'2005-11-14',4839,2.6116,6151,2.6116),
 (291,'2005-11-21',4839,7.1114,6152,7.1114),
 (291,'2005-11-28',4839,-2.2468,6153,-2.6661),
 (291,'2005-12-05',4834,-0.9412,6154,-1.3605),
 (291,'2005-12-12',4834,-2.0328,6155,-2.0328),
 (291,'2005-12-19',4834,0.4973,6156,0.4973),
 (291,'2005-12-27',4834,-1.2699,6157,-1.2699),
 (291,'2006-01-03',4834,2.2306,6158,2.2306);
INSERT INTO `investor_performances` (`investor_id`,`date`,`pm_id`,`actualized_return`,`id`,`after_cost_return`) VALUES 
 (291,'2006-01-09',4834,1.8465,6159,1.3465),
 (292,'2005-10-17',4831,13.0295,6160,11.5295),
 (292,'2005-10-24',4831,4.6785,6161,4.6785),
 (292,'2005-10-31',4831,8.8341,6162,8.8341),
 (292,'2005-11-07',4831,0.0208,6163,0.0208),
 (292,'2005-11-14',4831,2.6473,6164,2.6473),
 (292,'2005-11-21',4831,6.4272,6165,6.4272),
 (292,'2005-11-28',4831,-2.2547,6166,-2.2547),
 (292,'2005-12-05',4834,-0.9412,6167,-0.9412),
 (292,'2005-12-12',4834,-2.0328,6168,-2.0328),
 (292,'2005-12-19',4834,0.4973,6169,0.4973),
 (292,'2005-12-27',4834,-1.2699,6170,-1.2699),
 (292,'2006-01-03',4834,2.2306,6171,2.2306),
 (292,'2006-01-09',4834,1.8465,6172,1.3465),
 (293,'2005-10-24',4839,5.0651,6173,4.5651),
 (293,'2005-10-31',4839,9.1413,6174,9.1413),
 (293,'2005-11-07',4839,0.0189,6175,0.0189),
 (293,'2005-11-14',4839,2.6116,6176,2.6116),
 (293,'2005-11-21',4839,7.1114,6177,7.1114),
 (293,'2005-11-28',4839,-2.2468,6178,-2.6661),
 (293,'2005-12-05',4839,-1.0734,6179,-1.4927);
INSERT INTO `investor_performances` (`investor_id`,`date`,`pm_id`,`actualized_return`,`id`,`after_cost_return`) VALUES 
 (293,'2005-12-12',4839,-2.7673,6180,-2.7673),
 (293,'2005-12-19',4840,-0.5377,6181,-0.5377),
 (293,'2005-12-27',4840,-1.8662,6182,-1.8662),
 (293,'2006-01-03',4840,3.3015,6183,3.3015),
 (293,'2006-01-09',4832,3.3980,6184,3.3980),
 (294,'2005-10-24',4839,5.0651,6185,4.5651),
 (294,'2005-10-31',4839,9.1413,6186,9.1413),
 (294,'2005-11-07',4839,0.0189,6187,0.0189),
 (294,'2005-11-14',4839,2.6116,6188,2.6116),
 (294,'2005-11-21',4839,7.1114,6189,7.1114),
 (294,'2005-11-28',4839,-2.2468,6190,-2.6661),
 (294,'2005-12-05',4839,-1.0734,6191,-1.4927),
 (294,'2005-12-12',4839,-2.7673,6192,-2.7673),
 (294,'2005-12-19',4840,-0.5377,6193,-0.5377),
 (294,'2005-12-27',4840,-1.8662,6194,-1.8662),
 (294,'2006-01-03',4840,3.3015,6195,3.3015),
 (294,'2006-01-09',4832,3.3980,6196,3.3980),
 (295,'2005-10-24',4839,5.0651,6197,4.5651),
 (295,'2005-10-31',4839,9.1413,6198,9.1413),
 (295,'2005-11-07',4839,0.0189,6199,0.0189),
 (295,'2005-11-14',4839,2.6116,6200,2.6116);
INSERT INTO `investor_performances` (`investor_id`,`date`,`pm_id`,`actualized_return`,`id`,`after_cost_return`) VALUES 
 (295,'2005-11-21',4839,7.1114,6201,7.1114),
 (295,'2005-11-28',4839,-2.2468,6202,-2.6661),
 (295,'2005-12-05',4839,-1.0734,6203,-1.4927),
 (295,'2005-12-12',4839,-2.7673,6204,-2.7673),
 (295,'2005-12-19',4840,-0.5377,6205,-0.5377),
 (295,'2005-12-27',4840,-1.8662,6206,-1.8662),
 (295,'2006-01-03',4840,3.3015,6207,3.3015),
 (295,'2006-01-09',4832,3.3980,6208,3.3980),
 (296,'2005-10-24',4839,5.0651,6209,4.5651),
 (296,'2005-10-31',4839,9.1413,6210,9.1413),
 (296,'2005-11-07',4839,0.0189,6211,0.0189),
 (296,'2005-11-14',4839,2.6116,6212,2.6116),
 (296,'2005-11-21',4839,7.1114,6213,7.1114),
 (296,'2005-11-28',4839,-2.2468,6214,-2.6661),
 (296,'2005-12-05',4839,-1.0734,6215,-1.4927),
 (296,'2005-12-12',4839,-2.7673,6216,-2.7673),
 (296,'2005-12-19',4840,-0.5377,6217,-0.5377),
 (296,'2005-12-27',4840,-1.8662,6218,-1.8662),
 (296,'2006-01-03',4840,3.3015,6219,3.3015),
 (296,'2006-01-09',4832,3.3980,6220,3.3980),
 (297,'2005-10-24',4839,5.0651,6221,4.5651);
INSERT INTO `investor_performances` (`investor_id`,`date`,`pm_id`,`actualized_return`,`id`,`after_cost_return`) VALUES 
 (297,'2005-10-31',4839,9.1413,6222,9.1413),
 (297,'2005-11-07',4839,0.0189,6223,0.0189),
 (297,'2005-11-14',4839,2.6116,6224,2.6116),
 (297,'2005-11-21',4839,7.1114,6225,7.1114),
 (297,'2005-11-28',4839,-2.2468,6226,-2.6661),
 (297,'2005-12-05',4839,-1.0734,6227,-1.4927),
 (297,'2005-12-12',4839,-2.7673,6228,-2.7673),
 (297,'2005-12-19',4840,-0.5377,6229,-0.5377),
 (297,'2005-12-27',4840,-1.8662,6230,-1.8662),
 (297,'2006-01-03',4840,3.3015,6231,3.3015),
 (297,'2006-01-09',4840,2.1974,6232,2.1974),
 (298,'2005-10-24',4839,5.0651,6233,4.5651),
 (298,'2005-10-31',4839,9.1413,6234,9.1413),
 (298,'2005-11-07',4839,0.0189,6235,0.0189),
 (298,'2005-11-14',4839,2.6116,6236,2.6116),
 (298,'2005-11-21',4839,7.1114,6237,7.1114),
 (298,'2005-11-28',4839,-2.2468,6238,-2.6661),
 (298,'2005-12-05',4839,-1.0734,6239,-1.4927),
 (298,'2005-12-12',4839,-2.7673,6240,-2.7673),
 (298,'2005-12-19',4840,-0.5377,6241,-0.5377),
 (298,'2005-12-27',4840,-1.8662,6242,-1.8662);
INSERT INTO `investor_performances` (`investor_id`,`date`,`pm_id`,`actualized_return`,`id`,`after_cost_return`) VALUES 
 (298,'2006-01-03',4840,3.3015,6243,3.3015),
 (298,'2006-01-09',4840,2.1974,6244,2.1974),
 (299,'2005-10-24',4839,5.0651,6245,4.5651),
 (299,'2005-10-31',4839,9.1413,6246,9.1413),
 (299,'2005-11-07',4839,0.0189,6247,0.0189),
 (299,'2005-11-14',4839,2.6116,6248,2.6116),
 (299,'2005-11-21',4839,7.1114,6249,7.1114),
 (299,'2005-11-28',4839,-2.2468,6250,-2.6661),
 (299,'2005-12-05',4839,-1.0734,6251,-1.4927),
 (299,'2005-12-12',4839,-2.7673,6252,-2.7673),
 (299,'2005-12-19',4840,-0.5377,6253,-0.5377),
 (299,'2005-12-27',4840,-1.8662,6254,-1.8662),
 (299,'2006-01-03',4840,3.3015,6255,3.3015),
 (299,'2006-01-09',4840,2.1974,6256,2.1974),
 (300,'2005-10-24',4839,5.0651,6257,4.5651),
 (300,'2005-10-31',4839,9.1413,6258,9.1413),
 (300,'2005-11-07',4839,0.0189,6259,0.0189),
 (300,'2005-11-14',4839,2.6116,6260,2.6116),
 (300,'2005-11-21',4839,7.1114,6261,7.1114),
 (300,'2005-11-28',4839,-2.2468,6262,-2.6661),
 (300,'2005-12-05',4839,-1.0734,6263,-1.4927);
INSERT INTO `investor_performances` (`investor_id`,`date`,`pm_id`,`actualized_return`,`id`,`after_cost_return`) VALUES 
 (300,'2005-12-12',4839,-2.7673,6264,-2.7673),
 (300,'2005-12-19',4840,-0.5377,6265,-0.5377),
 (300,'2005-12-27',4840,-1.8662,6266,-1.8662),
 (300,'2006-01-03',4840,3.3015,6267,3.3015),
 (300,'2006-01-09',4840,2.1974,6268,2.1974),
 (301,'2005-10-24',4839,5.0651,6269,4.5651),
 (301,'2005-10-31',4839,9.1413,6270,9.1413),
 (301,'2005-11-07',4839,0.0189,6271,0.0189),
 (301,'2005-11-14',4839,2.6116,6272,2.6116),
 (301,'2005-11-21',4839,7.1114,6273,7.1114),
 (301,'2005-11-28',4839,-2.2468,6274,-2.6661),
 (301,'2005-12-05',4839,-1.0734,6275,-1.4927),
 (301,'2005-12-12',4839,-2.7673,6276,-2.7673),
 (301,'2005-12-19',4840,-0.5377,6277,-0.5377),
 (301,'2005-12-27',4840,-1.8662,6278,-1.8662),
 (301,'2006-01-03',4840,3.3015,6279,3.3015),
 (301,'2006-01-09',4840,2.1974,6280,2.1974),
 (302,'2005-10-24',4839,5.0651,6281,4.5651),
 (302,'2005-10-31',4839,9.1413,6282,9.1413),
 (302,'2005-11-07',4839,0.0189,6283,0.0189),
 (302,'2005-11-14',4839,2.6116,6284,2.6116);
INSERT INTO `investor_performances` (`investor_id`,`date`,`pm_id`,`actualized_return`,`id`,`after_cost_return`) VALUES 
 (302,'2005-11-21',4839,7.1114,6285,7.1114),
 (302,'2005-11-28',4839,-2.2468,6286,-2.6661),
 (302,'2005-12-05',4839,-1.0734,6287,-1.4927),
 (302,'2005-12-12',4839,-2.7673,6288,-2.7673),
 (302,'2005-12-19',4840,-0.5377,6289,-0.5377),
 (302,'2005-12-27',4840,-1.8662,6290,-1.8662),
 (302,'2006-01-03',4840,3.3015,6291,3.3015),
 (302,'2006-01-09',4840,2.1974,6292,2.1974),
 (303,'2005-10-24',4839,5.0651,6293,4.5651),
 (303,'2005-10-31',4839,9.1413,6294,9.1413),
 (303,'2005-11-07',4839,0.0189,6295,0.0189),
 (303,'2005-11-14',4839,2.6116,6296,2.6116),
 (303,'2005-11-21',4839,7.1114,6297,7.1114),
 (303,'2005-11-28',4839,-2.2468,6298,-2.6661),
 (303,'2005-12-05',4839,-1.0734,6299,-1.4927),
 (303,'2005-12-12',4839,-2.7673,6300,-2.7673),
 (303,'2005-12-19',4840,-0.5377,6301,-0.5377),
 (303,'2005-12-27',4840,-1.8662,6302,-1.8662),
 (303,'2006-01-03',4840,3.3015,6303,3.3015),
 (303,'2006-01-09',4840,2.1974,6304,2.1974),
 (304,'2005-10-31',4839,9.1413,6305,8.6413);
INSERT INTO `investor_performances` (`investor_id`,`date`,`pm_id`,`actualized_return`,`id`,`after_cost_return`) VALUES 
 (304,'2005-11-07',4839,0.0189,6306,0.0189),
 (304,'2005-11-14',4839,2.6116,6307,2.6116),
 (304,'2005-11-21',4839,7.1114,6308,7.1114),
 (304,'2005-11-28',4839,-2.2468,6309,-2.6661),
 (304,'2005-12-05',4839,-1.0734,6310,-1.4927),
 (304,'2005-12-12',4839,-2.7673,6311,-2.7673),
 (304,'2005-12-19',4834,0.4973,6312,0.4973),
 (304,'2005-12-27',4834,-1.2699,6313,-1.2699),
 (304,'2006-01-03',4834,2.2306,6314,2.2306),
 (304,'2006-01-09',4832,3.3980,6315,3.3980),
 (305,'2005-10-31',4839,9.1413,6316,8.6413),
 (305,'2005-11-07',4839,0.0189,6317,0.0189),
 (305,'2005-11-14',4839,2.6116,6318,2.6116),
 (305,'2005-11-21',4839,7.1114,6319,7.1114),
 (305,'2005-11-28',4839,-2.2468,6320,-2.6661),
 (305,'2005-12-05',4839,-1.0734,6321,-1.4927),
 (305,'2005-12-12',4839,-2.7673,6322,-2.7673),
 (305,'2005-12-19',4834,0.4973,6323,0.4973),
 (305,'2005-12-27',4834,-1.2699,6324,-1.2699),
 (305,'2006-01-03',4834,2.2306,6325,2.2306),
 (305,'2006-01-09',4832,3.3980,6326,3.3980);
INSERT INTO `investor_performances` (`investor_id`,`date`,`pm_id`,`actualized_return`,`id`,`after_cost_return`) VALUES 
 (306,'2005-10-31',4839,9.1413,6327,8.6413),
 (306,'2005-11-07',4839,0.0189,6328,0.0189),
 (306,'2005-11-14',4839,2.6116,6329,2.6116),
 (306,'2005-11-21',4839,7.1114,6330,7.1114),
 (306,'2005-11-28',4839,-2.2468,6331,-2.6661),
 (306,'2005-12-05',4839,-1.0734,6332,-1.4927),
 (306,'2005-12-12',4839,-2.7673,6333,-2.7673),
 (306,'2005-12-19',4834,0.4973,6334,0.4973),
 (306,'2005-12-27',4834,-1.2699,6335,-1.2699),
 (306,'2006-01-03',4834,2.2306,6336,2.2306),
 (306,'2006-01-09',4832,3.3980,6337,3.3980),
 (307,'2005-10-31',4839,9.1413,6338,8.6413),
 (307,'2005-11-07',4839,0.0189,6339,0.0189),
 (307,'2005-11-14',4839,2.6116,6340,2.6116),
 (307,'2005-11-21',4839,7.1114,6341,7.1114),
 (307,'2005-11-28',4839,-2.2468,6342,-2.6661),
 (307,'2005-12-05',4839,-1.0734,6343,-1.4927),
 (307,'2005-12-12',4839,-2.7673,6344,-2.7673),
 (307,'2005-12-19',4834,0.4973,6345,0.4973),
 (307,'2005-12-27',4834,-1.2699,6346,-1.2699),
 (307,'2006-01-03',4834,2.2306,6347,2.2306);
INSERT INTO `investor_performances` (`investor_id`,`date`,`pm_id`,`actualized_return`,`id`,`after_cost_return`) VALUES 
 (307,'2006-01-09',4832,3.3980,6348,3.3980),
 (308,'2005-10-31',4839,9.1413,6349,8.6413),
 (308,'2005-11-07',4839,0.0189,6350,0.0189),
 (308,'2005-11-14',4839,2.6116,6351,2.6116),
 (308,'2005-11-21',4839,7.1114,6352,7.1114),
 (308,'2005-11-28',4839,-2.2468,6353,-2.6661),
 (308,'2005-12-05',4839,-1.0734,6354,-1.4927),
 (308,'2005-12-12',4839,-2.7673,6355,-2.7673),
 (308,'2005-12-19',4834,0.4973,6356,0.4973),
 (308,'2005-12-27',4834,-1.2699,6357,-1.2699),
 (308,'2006-01-03',4834,2.2306,6358,2.2306),
 (308,'2006-01-09',4832,3.3980,6359,3.3980),
 (309,'2005-10-31',4839,9.1413,6360,8.6413),
 (309,'2005-11-07',4839,0.0189,6361,0.0189),
 (309,'2005-11-14',4839,2.6116,6362,2.6116),
 (309,'2005-11-21',4839,7.1114,6363,7.1114),
 (309,'2005-11-28',4839,-2.2468,6364,-2.6661),
 (309,'2005-12-05',4839,-1.0734,6365,-1.4927),
 (309,'2005-12-12',4839,-2.7673,6366,-2.7673),
 (309,'2005-12-19',4834,0.4973,6367,0.4973),
 (309,'2005-12-27',4834,-1.2699,6368,-1.2699);
INSERT INTO `investor_performances` (`investor_id`,`date`,`pm_id`,`actualized_return`,`id`,`after_cost_return`) VALUES 
 (309,'2006-01-03',4834,2.2306,6369,2.2306),
 (309,'2006-01-09',4832,3.3980,6370,3.3980),
 (310,'2005-10-31',4839,9.1413,6371,8.6413),
 (310,'2005-11-07',4839,0.0189,6372,0.0189),
 (310,'2005-11-14',4839,2.6116,6373,2.6116),
 (310,'2005-11-21',4839,7.1114,6374,7.1114),
 (310,'2005-11-28',4839,-2.2468,6375,-2.6661),
 (310,'2005-12-05',4839,-1.0734,6376,-1.4927),
 (310,'2005-12-12',4839,-2.7673,6377,-2.7673),
 (310,'2005-12-19',4834,0.4973,6378,0.4973),
 (310,'2005-12-27',4834,-1.2699,6379,-1.2699),
 (310,'2006-01-03',4834,2.2306,6380,2.2306),
 (310,'2006-01-09',4834,1.8465,6381,1.3465),
 (311,'2005-10-31',4839,9.1413,6382,8.6413),
 (311,'2005-11-07',4839,0.0189,6383,0.0189),
 (311,'2005-11-14',4839,2.6116,6384,2.6116),
 (311,'2005-11-21',4839,7.1114,6385,7.1114),
 (311,'2005-11-28',4839,-2.2468,6386,-2.6661),
 (311,'2005-12-05',4839,-1.0734,6387,-1.4927),
 (311,'2005-12-12',4839,-2.7673,6388,-2.7673),
 (311,'2005-12-19',4834,0.4973,6389,0.4973);
INSERT INTO `investor_performances` (`investor_id`,`date`,`pm_id`,`actualized_return`,`id`,`after_cost_return`) VALUES 
 (311,'2005-12-27',4834,-1.2699,6390,-1.2699),
 (311,'2006-01-03',4834,2.2306,6391,2.2306),
 (311,'2006-01-09',4834,1.8465,6392,1.3465),
 (312,'2005-10-31',4839,9.1413,6393,8.6413),
 (312,'2005-11-07',4839,0.0189,6394,0.0189),
 (312,'2005-11-14',4839,2.6116,6395,2.6116),
 (312,'2005-11-21',4839,7.1114,6396,7.1114),
 (312,'2005-11-28',4839,-2.2468,6397,-2.6661),
 (312,'2005-12-05',4839,-1.0734,6398,-1.4927),
 (312,'2005-12-12',4839,-2.7673,6399,-2.7673),
 (312,'2005-12-19',4834,0.4973,6400,0.4973),
 (312,'2005-12-27',4834,-1.2699,6401,-1.2699),
 (312,'2006-01-03',4834,2.2306,6402,2.2306),
 (312,'2006-01-09',4834,1.8465,6403,1.3465),
 (313,'2005-10-31',4839,9.1413,6404,8.6413),
 (313,'2005-11-07',4839,0.0189,6405,0.0189),
 (313,'2005-11-14',4839,2.6116,6406,2.6116),
 (313,'2005-11-21',4839,7.1114,6407,7.1114),
 (313,'2005-11-28',4839,-2.2468,6408,-2.6661),
 (313,'2005-12-05',4839,-1.0734,6409,-1.4927),
 (313,'2005-12-12',4839,-2.7673,6410,-2.7673);
INSERT INTO `investor_performances` (`investor_id`,`date`,`pm_id`,`actualized_return`,`id`,`after_cost_return`) VALUES 
 (313,'2005-12-19',4834,0.4973,6411,0.4973),
 (313,'2005-12-27',4834,-1.2699,6412,-1.2699),
 (313,'2006-01-03',4834,2.2306,6413,2.2306),
 (313,'2006-01-09',4834,1.8465,6414,1.3465),
 (314,'2005-10-31',4839,9.1413,6415,8.6413),
 (314,'2005-11-07',4839,0.0189,6416,0.0189),
 (314,'2005-11-14',4839,2.6116,6417,2.6116),
 (314,'2005-11-21',4839,7.1114,6418,7.1114),
 (314,'2005-11-28',4839,-2.2468,6419,-2.6661),
 (314,'2005-12-05',4839,-1.0734,6420,-1.4927),
 (314,'2005-12-12',4839,-2.7673,6421,-2.7673),
 (314,'2005-12-19',4834,0.4973,6422,0.4973),
 (314,'2005-12-27',4834,-1.2699,6423,-1.2699),
 (314,'2006-01-03',4834,2.2306,6424,2.2306),
 (314,'2006-01-09',4834,1.8465,6425,1.3465),
 (315,'2005-11-07',4839,0.0189,6426,-0.4811),
 (315,'2005-11-14',4839,2.6116,6427,2.6116),
 (315,'2005-11-21',4839,7.1114,6428,7.1114),
 (315,'2005-11-28',4839,-2.2468,6429,-2.6661),
 (315,'2005-12-05',4839,-1.0734,6430,-1.4927),
 (315,'2005-12-12',4839,-2.7673,6431,-2.7673);
INSERT INTO `investor_performances` (`investor_id`,`date`,`pm_id`,`actualized_return`,`id`,`after_cost_return`) VALUES 
 (315,'2005-12-19',4831,-0.7043,6432,-0.7043),
 (315,'2005-12-27',4834,-1.2699,6433,-1.2699),
 (315,'2006-01-03',4834,2.2306,6434,2.2306),
 (315,'2006-01-09',4832,3.3980,6435,3.3980),
 (316,'2005-11-07',4839,0.0189,6436,-0.4811),
 (316,'2005-11-14',4839,2.6116,6437,2.6116),
 (316,'2005-11-21',4839,7.1114,6438,7.1114),
 (316,'2005-11-28',4839,-2.2468,6439,-2.6661),
 (316,'2005-12-05',4839,-1.0734,6440,-1.4927),
 (316,'2005-12-12',4839,-2.7673,6441,-2.7673),
 (316,'2005-12-19',4831,-0.7043,6442,-0.7043),
 (316,'2005-12-27',4831,-1.9210,6443,-1.9210),
 (316,'2006-01-03',4831,3.4935,6444,3.4935),
 (316,'2006-01-09',4832,3.3980,6445,3.3980),
 (317,'2005-11-07',4839,0.0189,6446,-0.4811),
 (317,'2005-11-14',4839,2.6116,6447,2.6116),
 (317,'2005-11-21',4839,7.1114,6448,7.1114),
 (317,'2005-11-28',4839,-2.2468,6449,-2.6661),
 (317,'2005-12-05',4839,-1.0734,6450,-1.4927),
 (317,'2005-12-12',4839,-2.7673,6451,-2.7673),
 (317,'2005-12-19',4831,-0.7043,6452,-0.7043);
INSERT INTO `investor_performances` (`investor_id`,`date`,`pm_id`,`actualized_return`,`id`,`after_cost_return`) VALUES 
 (317,'2005-12-27',4831,-1.9210,6453,-1.9210),
 (317,'2006-01-03',4831,3.4935,6454,3.4935),
 (317,'2006-01-09',4832,3.3980,6455,3.3980),
 (318,'2005-11-07',4839,0.0189,6456,-0.4811),
 (318,'2005-11-14',4839,2.6116,6457,2.6116),
 (318,'2005-11-21',4839,7.1114,6458,7.1114),
 (318,'2005-11-28',4839,-2.2468,6459,-2.6661),
 (318,'2005-12-05',4839,-1.0734,6460,-1.4927),
 (318,'2005-12-12',4839,-2.7673,6461,-2.7673),
 (318,'2005-12-19',4831,-0.7043,6462,-0.7043),
 (318,'2005-12-27',4831,-1.9210,6463,-1.9210),
 (318,'2006-01-03',4831,3.4935,6464,3.4935),
 (318,'2006-01-09',4831,1.7296,6465,1.7296),
 (319,'2005-11-07',4839,0.0189,6466,-0.4811),
 (319,'2005-11-14',4839,2.6116,6467,2.6116),
 (319,'2005-11-21',4839,7.1114,6468,7.1114),
 (319,'2005-11-28',4839,-2.2468,6469,-2.6661),
 (319,'2005-12-05',4839,-1.0734,6470,-1.4927),
 (319,'2005-12-12',4839,-2.7673,6471,-2.7673),
 (319,'2005-12-19',4831,-0.7043,6472,-0.7043),
 (319,'2005-12-27',4831,-1.9210,6473,-1.9210);
INSERT INTO `investor_performances` (`investor_id`,`date`,`pm_id`,`actualized_return`,`id`,`after_cost_return`) VALUES 
 (319,'2006-01-03',4831,3.4935,6474,3.4935),
 (319,'2006-01-09',4831,1.7296,6475,1.7296),
 (320,'2005-11-07',4839,0.0189,6476,-0.4811),
 (320,'2005-11-14',4839,2.6116,6477,2.6116),
 (320,'2005-11-21',4839,7.1114,6478,7.1114),
 (320,'2005-11-28',4839,-2.2468,6479,-2.6661),
 (320,'2005-12-05',4839,-1.0734,6480,-1.4927),
 (320,'2005-12-12',4839,-2.7673,6481,-2.7673),
 (320,'2005-12-19',4831,-0.7043,6482,-0.7043),
 (320,'2005-12-27',4831,-1.9210,6483,-1.9210),
 (320,'2006-01-03',4831,3.4935,6484,3.4935),
 (320,'2006-01-09',4831,1.7296,6485,1.7296),
 (321,'2005-11-07',4839,0.0189,6486,-0.4811),
 (321,'2005-11-14',4839,2.6116,6487,2.6116),
 (321,'2005-11-21',4839,7.1114,6488,7.1114),
 (321,'2005-11-28',4839,-2.2468,6489,-2.6661),
 (321,'2005-12-05',4839,-1.0734,6490,-1.4927),
 (321,'2005-12-12',4839,-2.7673,6491,-2.7673),
 (321,'2005-12-19',4831,-0.7043,6492,-0.7043),
 (321,'2005-12-27',4831,-1.9210,6493,-1.9210),
 (321,'2006-01-03',4831,3.4935,6494,3.4935);
INSERT INTO `investor_performances` (`investor_id`,`date`,`pm_id`,`actualized_return`,`id`,`after_cost_return`) VALUES 
 (321,'2006-01-09',4831,1.7296,6495,1.7296),
 (322,'2005-11-07',4839,0.0189,6496,-0.4811),
 (322,'2005-11-14',4839,2.6116,6497,2.6116),
 (322,'2005-11-21',4839,7.1114,6498,7.1114),
 (322,'2005-11-28',4839,-2.2468,6499,-2.6661),
 (322,'2005-12-05',4839,-1.0734,6500,-1.4927),
 (322,'2005-12-12',4839,-2.7673,6501,-2.7673),
 (322,'2005-12-19',4831,-0.7043,6502,-0.7043),
 (322,'2005-12-27',4831,-1.9210,6503,-1.9210),
 (322,'2006-01-03',4831,3.4935,6504,3.4935),
 (322,'2006-01-09',4831,1.7296,6505,1.7296),
 (323,'2005-11-07',4839,0.0189,6506,-0.4811),
 (323,'2005-11-14',4839,2.6116,6507,2.6116),
 (323,'2005-11-21',4839,7.1114,6508,7.1114),
 (323,'2005-11-28',4839,-2.2468,6509,-2.6661),
 (323,'2005-12-05',4839,-1.0734,6510,-1.4927),
 (323,'2005-12-12',4839,-2.7673,6511,-2.7673),
 (323,'2005-12-19',4831,-0.7043,6512,-0.7043),
 (323,'2005-12-27',4831,-1.9210,6513,-1.9210),
 (323,'2006-01-03',4831,3.4935,6514,3.4935),
 (323,'2006-01-09',4831,1.7296,6515,1.7296);
INSERT INTO `investor_performances` (`investor_id`,`date`,`pm_id`,`actualized_return`,`id`,`after_cost_return`) VALUES 
 (324,'2005-11-07',4839,0.0189,6516,-0.4811),
 (324,'2005-11-14',4839,2.6116,6517,2.6116),
 (324,'2005-11-21',4839,7.1114,6518,7.1114),
 (324,'2005-11-28',4839,-2.2468,6519,-2.6661),
 (324,'2005-12-05',4839,-1.0734,6520,-1.4927),
 (324,'2005-12-12',4839,-2.7673,6521,-2.7673),
 (324,'2005-12-19',4831,-0.7043,6522,-0.7043),
 (324,'2005-12-27',4831,-1.9210,6523,-1.9210),
 (324,'2006-01-03',4831,3.4935,6524,3.4935),
 (324,'2006-01-09',4831,1.7296,6525,1.7296),
 (325,'2005-11-07',4839,0.0189,6526,-0.4811),
 (325,'2005-11-14',4839,2.6116,6527,2.6116),
 (325,'2005-11-21',4839,7.1114,6528,7.1114),
 (325,'2005-11-28',4839,-2.2468,6529,-2.6661),
 (325,'2005-12-05',4839,-1.0734,6530,-1.4927),
 (325,'2005-12-12',4839,-2.7673,6531,-2.7673),
 (325,'2005-12-19',4831,-0.7043,6532,-0.7043),
 (325,'2005-12-27',4831,-1.9210,6533,-1.9210),
 (325,'2006-01-03',4831,3.4935,6534,3.4935),
 (325,'2006-01-09',4831,1.7296,6535,1.7296);
/*!40000 ALTER TABLE `investor_performances` ENABLE KEYS */;


--
-- Table structure for table `evolution_development`.`investors`
--

DROP TABLE IF EXISTS `investors`;
CREATE TABLE `investors` (
  `id` int(10) NOT NULL auto_increment,
  `memory` int(10) default NULL,
  `fearness` int(10) default NULL,
  `cost_rate` float(10,4) default '0.0000',
  PRIMARY KEY  (`id`)
) ENGINE=MyISAM DEFAULT CHARSET=latin1 COMMENT='InnoDB free: 9216 kB; InnoDB free: 10240 kB';

--
-- Dumping data for table `evolution_development`.`investors`
--

/*!40000 ALTER TABLE `investors` DISABLE KEYS */;
INSERT INTO `investors` (`id`,`memory`,`fearness`,`cost_rate`) VALUES 
 (216,1,0,0.0000),
 (217,1,10,0.0000),
 (218,1,20,0.0000),
 (219,1,30,0.0000),
 (220,1,40,0.0000),
 (221,1,50,0.0000),
 (222,1,60,0.0000),
 (223,1,70,0.0000),
 (224,1,80,0.0000),
 (225,1,90,0.0000),
 (226,1,100,0.0000),
 (227,2,0,0.0000),
 (228,2,10,0.0000),
 (229,2,20,0.0000),
 (230,2,30,0.0000),
 (231,2,40,0.0000),
 (232,2,50,0.0000),
 (233,2,60,0.0000),
 (234,2,70,0.0000),
 (235,2,80,0.0000),
 (236,2,90,0.0000),
 (237,2,100,0.0000),
 (238,3,0,0.0000),
 (239,3,10,0.0000),
 (240,3,20,0.0000),
 (241,3,30,0.0000),
 (242,3,40,0.0000),
 (243,3,50,0.0000),
 (244,3,60,0.0000),
 (245,3,70,0.0000),
 (246,3,80,0.0000),
 (247,3,90,0.0000),
 (248,3,100,0.0000),
 (249,4,0,0.0000),
 (250,4,10,0.0000),
 (251,4,20,0.0000),
 (252,4,30,0.0000),
 (253,4,40,0.0000),
 (254,4,50,0.0000),
 (255,4,60,0.0000),
 (256,4,70,0.0000),
 (257,4,80,0.0000),
 (258,4,90,0.0000),
 (259,4,100,0.0000),
 (260,5,0,0.0000),
 (261,5,10,0.0000),
 (262,5,20,0.0000),
 (263,5,30,0.0000);
INSERT INTO `investors` (`id`,`memory`,`fearness`,`cost_rate`) VALUES 
 (264,5,40,0.0000),
 (265,5,50,0.0000),
 (266,5,60,0.0000),
 (267,5,70,0.0000),
 (268,5,80,0.0000),
 (269,5,90,0.0000),
 (270,5,100,0.0000),
 (271,6,0,0.0000),
 (272,6,10,0.0000),
 (273,6,20,0.0000),
 (274,6,30,0.0000),
 (275,6,40,0.0000),
 (276,6,50,0.0000),
 (277,6,60,0.0000),
 (278,6,70,0.0000),
 (279,6,80,0.0000),
 (280,6,90,0.0000),
 (281,6,100,0.0000),
 (282,7,0,0.0000),
 (283,7,10,0.0000),
 (284,7,20,0.0000),
 (285,7,30,0.0000),
 (286,7,40,0.0000),
 (287,7,50,0.0000),
 (288,7,60,0.0000),
 (289,7,70,0.0000),
 (290,7,80,0.0000),
 (291,7,90,0.0000),
 (292,7,100,0.0000),
 (293,8,0,0.0000),
 (294,8,10,0.0000),
 (295,8,20,0.0000),
 (296,8,30,0.0000),
 (297,8,40,0.0000),
 (298,8,50,0.0000),
 (299,8,60,0.0000),
 (300,8,70,0.0000),
 (301,8,80,0.0000),
 (302,8,90,0.0000),
 (303,8,100,0.0000),
 (304,9,0,0.0000),
 (305,9,10,0.0000),
 (306,9,20,0.0000),
 (307,9,30,0.0000),
 (308,9,40,0.0000),
 (309,9,50,0.0000),
 (310,9,60,0.0000),
 (311,9,70,0.0000);
INSERT INTO `investors` (`id`,`memory`,`fearness`,`cost_rate`) VALUES 
 (312,9,80,0.0000),
 (313,9,90,0.0000),
 (314,9,100,0.0000),
 (315,10,0,0.0000),
 (316,10,10,0.0000),
 (317,10,20,0.0000),
 (318,10,30,0.0000),
 (319,10,40,0.0000),
 (320,10,50,0.0000),
 (321,10,60,0.0000),
 (322,10,70,0.0000),
 (323,10,80,0.0000),
 (324,10,90,0.0000),
 (325,10,100,0.0000);
/*!40000 ALTER TABLE `investors` ENABLE KEYS */;


--
-- Table structure for table `evolution_development`.`pm_performances`
--

DROP TABLE IF EXISTS `pm_performances`;
CREATE TABLE `pm_performances` (
  `pm_id` int(10) NOT NULL default '0',
  `optimized_date` date NOT NULL default '0000-00-00',
  `actualized_return` float(10,4) default NULL,
  `actualized_date` date NOT NULL default '0000-00-00',
  `after_cost_return` float(10,4) default NULL,
  `id` int(10) NOT NULL auto_increment,
  PRIMARY KEY  (`id`),
  KEY `Index_2` (`pm_id`),
  KEY `Index_3` (`optimized_date`),
  KEY `Index_4` (`actualized_date`)
) ENGINE=MEMORY DEFAULT CHARSET=latin1 COMMENT='InnoDB free: 9216 kB; InnoDB free: 9216 kB; (`pm_id`) REFER ';

--
-- Dumping data for table `evolution_development`.`pm_performances`
--

/*!40000 ALTER TABLE `pm_performances` DISABLE KEYS */;
INSERT INTO `pm_performances` (`pm_id`,`optimized_date`,`actualized_return`,`actualized_date`,`after_cost_return`,`id`) VALUES 
 (4820,'2005-07-25',-0.7907,'2005-08-08',-0.7907,59735),
 (4820,'2005-07-25',-8.3767,'2005-08-01',-8.8767,59734),
 (4819,'2005-12-19',4.0990,'2006-01-09',4.0990,59733),
 (4819,'2005-12-19',7.9008,'2006-01-03',7.9008,59732),
 (4819,'2005-12-19',-2.6945,'2005-12-27',-3.3461,59731),
 (4819,'2005-10-31',0.7786,'2005-12-19',0.7786,59730),
 (4819,'2005-10-31',-2.7723,'2005-12-12',-2.7723,59729),
 (4819,'2005-10-31',-1.3004,'2005-12-05',-1.3004,59728),
 (4819,'2005-10-31',0.4025,'2005-11-28',0.4025,59727),
 (4819,'2005-10-31',0.0089,'2005-11-21',0.0089,59726),
 (4819,'2005-10-31',2.8990,'2005-11-14',2.8990,59725),
 (4819,'2005-10-31',0.9871,'2005-11-07',0.0730,59724),
 (4819,'2005-09-12',9.6892,'2005-10-31',9.6892,59723),
 (4819,'2005-09-12',3.8011,'2005-10-24',3.8011,59722),
 (4819,'2005-09-12',12.3251,'2005-10-17',12.3251,59721),
 (4819,'2005-09-12',-3.1531,'2005-10-10',-3.1531,59720),
 (4819,'2005-09-12',-1.7695,'2005-10-03',-1.7695,59719);
INSERT INTO `pm_performances` (`pm_id`,`optimized_date`,`actualized_return`,`actualized_date`,`after_cost_return`,`id`) VALUES 
 (4819,'2005-09-12',0.4372,'2005-09-26',0.4372,59718),
 (4819,'2005-09-12',4.8061,'2005-09-19',3.8267,59717),
 (4819,'2005-07-25',7.6376,'2005-09-12',7.6376,59716),
 (4819,'2005-07-25',2.6532,'2005-09-06',2.6532,59715),
 (4819,'2005-07-25',-3.1446,'2005-08-29',-3.1446,59714),
 (4819,'2005-07-25',5.1251,'2005-08-22',5.1251,59713),
 (4819,'2005-07-25',-2.4934,'2005-08-15',-2.4934,59712),
 (4819,'2005-07-25',-0.7907,'2005-08-08',-0.7907,59711),
 (4819,'2005-07-25',-8.3767,'2005-08-01',-8.8767,59710),
 (4818,'2005-11-28',1.3803,'2006-01-09',1.3803,59709),
 (4818,'2005-11-28',3.9154,'2006-01-03',3.9154,59708),
 (4818,'2005-11-28',-1.4908,'2005-12-27',-1.4908,59707),
 (4818,'2005-11-28',-1.8870,'2005-12-19',-1.8870,59706),
 (4818,'2005-11-28',-2.8265,'2005-12-12',-2.8265,59705),
 (4818,'2005-11-28',-0.3770,'2005-12-05',-0.8300,59704),
 (4818,'2005-10-17',-0.4213,'2005-11-28',-0.4213,59703),
 (4818,'2005-10-17',0.1098,'2005-11-21',0.1098,59702);
INSERT INTO `pm_performances` (`pm_id`,`optimized_date`,`actualized_return`,`actualized_date`,`after_cost_return`,`id`) VALUES 
 (4818,'2005-10-17',5.1671,'2005-11-14',5.1671,59701),
 (4818,'2005-10-17',1.8562,'2005-11-07',1.8562,59700),
 (4818,'2005-10-17',5.5079,'2005-10-31',5.5079,59699),
 (4818,'2005-10-17',1.7576,'2005-10-24',0.7576,59698),
 (4818,'2005-09-06',3.0741,'2005-10-17',3.0741,59697),
 (4818,'2005-09-06',5.2632,'2005-10-10',5.2632,59696),
 (4818,'2005-09-06',-4.3089,'2005-10-03',-4.3089,59695),
 (4818,'2005-09-06',0.7707,'2005-09-26',0.7707,59694),
 (4818,'2005-09-06',3.8860,'2005-09-19',3.8860,59693),
 (4818,'2005-09-06',-0.1949,'2005-09-12',-1.1743,59692),
 (4818,'2005-07-25',2.6532,'2005-09-06',2.6532,59691),
 (4818,'2005-07-25',-3.1446,'2005-08-29',-3.1446,59690),
 (4818,'2005-07-25',5.1251,'2005-08-22',5.1251,59689),
 (4818,'2005-07-25',-2.4934,'2005-08-15',-2.4934,59688),
 (4818,'2005-07-25',-0.7907,'2005-08-08',-0.7907,59687),
 (4818,'2005-07-25',-8.3767,'2005-08-01',-8.8767,59686),
 (4820,'2005-07-25',-2.4934,'2005-08-15',-2.4934,59736);
INSERT INTO `pm_performances` (`pm_id`,`optimized_date`,`actualized_return`,`actualized_date`,`after_cost_return`,`id`) VALUES 
 (4820,'2005-07-25',5.1251,'2005-08-22',5.1251,59737),
 (4820,'2005-07-25',-3.1446,'2005-08-29',-3.1446,59738),
 (4820,'2005-07-25',2.6532,'2005-09-06',2.6532,59739),
 (4820,'2005-07-25',7.6376,'2005-09-12',7.6376,59740),
 (4820,'2005-07-25',-4.4128,'2005-09-19',-4.4128,59741),
 (4820,'2005-09-19',0.6437,'2005-09-26',-0.3358,59742),
 (4820,'2005-09-19',-3.3415,'2005-10-03',-3.3415,59743),
 (4820,'2005-09-19',2.0571,'2005-10-10',2.0571,59744),
 (4820,'2005-09-19',6.5982,'2005-10-17',6.5982,59745),
 (4820,'2005-09-19',0.1245,'2005-10-24',0.1245,59746),
 (4820,'2005-09-19',11.2829,'2005-10-31',11.2829,59747),
 (4820,'2005-09-19',0.4434,'2005-11-07',0.4434,59748),
 (4820,'2005-09-19',4.1863,'2005-11-14',4.1863,59749),
 (4820,'2005-11-14',-2.0395,'2005-11-21',-2.9794,59750),
 (4820,'2005-11-14',-0.4916,'2005-11-28',-0.4916,59751),
 (4820,'2005-11-14',0.9693,'2005-12-05',0.9693,59752),
 (4820,'2005-11-14',-3.5991,'2005-12-12',-3.5991,59753);
INSERT INTO `pm_performances` (`pm_id`,`optimized_date`,`actualized_return`,`actualized_date`,`after_cost_return`,`id`) VALUES 
 (4820,'2005-11-14',-5.6170,'2005-12-19',-5.6170,59754),
 (4820,'2005-11-14',0.0233,'2005-12-27',0.0233,59755),
 (4820,'2005-11-14',4.6813,'2006-01-03',4.6813,59756),
 (4820,'2005-11-14',0.5403,'2006-01-09',0.5403,59757),
 (4821,'2005-07-25',-8.3767,'2005-08-01',-8.8767,59758),
 (4821,'2005-07-25',-0.7907,'2005-08-08',-0.7907,59759),
 (4821,'2005-07-25',-2.4934,'2005-08-15',-2.4934,59760),
 (4821,'2005-07-25',5.1251,'2005-08-22',5.1251,59761),
 (4821,'2005-07-25',-3.1446,'2005-08-29',-3.1446,59762),
 (4821,'2005-07-25',2.6532,'2005-09-06',2.6532,59763),
 (4821,'2005-07-25',7.6376,'2005-09-12',7.6376,59764),
 (4821,'2005-07-25',-4.4128,'2005-09-19',-4.4128,59765),
 (4821,'2005-07-25',6.1895,'2005-09-26',6.1895,59766),
 (4821,'2005-09-26',0.2264,'2005-10-03',-0.7736,59767),
 (4821,'2005-09-26',-3.1097,'2005-10-10',-3.1097,59768),
 (4821,'2005-09-26',8.6248,'2005-10-17',8.6248,59769),
 (4821,'2005-09-26',2.4254,'2005-10-24',2.4254,59770);
INSERT INTO `pm_performances` (`pm_id`,`optimized_date`,`actualized_return`,`actualized_date`,`after_cost_return`,`id`) VALUES 
 (4821,'2005-09-26',7.3415,'2005-10-31',7.3415,59771),
 (4821,'2005-09-26',1.0579,'2005-11-07',1.0579,59772),
 (4821,'2005-09-26',6.0183,'2005-11-14',6.0183,59773),
 (4821,'2005-09-26',3.4202,'2005-11-21',3.4202,59774),
 (4821,'2005-09-26',-2.3119,'2005-11-28',-2.3119,59775),
 (4821,'2005-11-28',-0.3770,'2005-12-05',-1.3309,59776),
 (4821,'2005-11-28',-2.8265,'2005-12-12',-2.8265,59777),
 (4821,'2005-11-28',-1.8870,'2005-12-19',-1.8870,59778),
 (4821,'2005-11-28',-1.4908,'2005-12-27',-1.4908,59779),
 (4821,'2005-11-28',3.9154,'2006-01-03',3.9154,59780),
 (4821,'2005-11-28',1.3803,'2006-01-09',1.3803,59781),
 (4822,'2005-07-25',-8.3767,'2005-08-01',-8.8767,59782),
 (4822,'2005-07-25',-0.7907,'2005-08-08',-0.7907,59783),
 (4822,'2005-07-25',-2.4934,'2005-08-15',-2.4934,59784),
 (4822,'2005-07-25',5.1251,'2005-08-22',5.1251,59785),
 (4822,'2005-07-25',-3.1446,'2005-08-29',-3.1446,59786),
 (4822,'2005-07-25',2.6532,'2005-09-06',2.6532,59787);
INSERT INTO `pm_performances` (`pm_id`,`optimized_date`,`actualized_return`,`actualized_date`,`after_cost_return`,`id`) VALUES 
 (4822,'2005-07-25',7.6376,'2005-09-12',7.6376,59788),
 (4822,'2005-07-25',-4.4128,'2005-09-19',-4.4128,59789),
 (4822,'2005-07-25',6.1895,'2005-09-26',6.1895,59790),
 (4822,'2005-07-25',-2.3855,'2005-10-03',-2.3855,59791),
 (4822,'2005-10-03',-2.3124,'2005-10-10',-3.3124,59792),
 (4822,'2005-10-03',6.2025,'2005-10-17',6.2025,59793),
 (4822,'2005-10-03',1.4196,'2005-10-24',1.4196,59794),
 (4822,'2005-10-03',7.0169,'2005-10-31',7.0169,59795),
 (4822,'2005-10-03',1.1751,'2005-11-07',1.1751,59796),
 (4822,'2005-10-03',6.4491,'2005-11-14',6.4491,59797),
 (4822,'2005-10-03',2.3833,'2005-11-21',2.3833,59798),
 (4822,'2005-10-03',-1.9698,'2005-11-28',-1.9698,59799),
 (4822,'2005-10-03',-2.1327,'2005-12-05',-2.1327,59800),
 (4822,'2005-10-03',3.9684,'2005-12-12',3.9684,59801),
 (4822,'2005-12-12',-0.6618,'2005-12-19',-1.6618,59802),
 (4822,'2005-12-12',-1.8505,'2005-12-27',-1.8505,59803),
 (4822,'2005-12-12',3.1453,'2006-01-03',3.1453,59804);
INSERT INTO `pm_performances` (`pm_id`,`optimized_date`,`actualized_return`,`actualized_date`,`after_cost_return`,`id`) VALUES 
 (4822,'2005-12-12',1.8648,'2006-01-09',1.8648,59805),
 (4823,'2005-08-01',-0.5070,'2005-08-08',-1.0070,59806),
 (4823,'2005-08-01',-2.9242,'2005-08-15',-2.9242,59807),
 (4823,'2005-08-01',2.4461,'2005-08-22',2.4461,59808),
 (4823,'2005-08-01',-3.5201,'2005-08-29',-3.5201,59809),
 (4823,'2005-08-01',-0.7665,'2005-09-06',-0.7665,59810),
 (4823,'2005-08-01',1.4691,'2005-09-12',1.4691,59811),
 (4823,'2005-09-12',4.2233,'2005-09-19',3.2233,59812),
 (4823,'2005-09-12',0.6484,'2005-09-26',0.6484,59813),
 (4823,'2005-09-12',-3.3780,'2005-10-03',-3.3780,59814),
 (4823,'2005-09-12',2.1781,'2005-10-10',2.1781,59815),
 (4823,'2005-09-12',6.4652,'2005-10-17',6.4652,59816),
 (4823,'2005-09-12',0.0391,'2005-10-24',0.0391,59817),
 (4823,'2005-10-24',5.3877,'2005-10-31',4.3877,59818),
 (4823,'2005-10-24',1.9724,'2005-11-07',1.9724,59819),
 (4823,'2005-10-24',5.3521,'2005-11-14',5.3521,59820),
 (4823,'2005-10-24',0.0838,'2005-11-21',0.0838,59821);
INSERT INTO `pm_performances` (`pm_id`,`optimized_date`,`actualized_return`,`actualized_date`,`after_cost_return`,`id`) VALUES 
 (4823,'2005-10-24',-0.5136,'2005-11-28',-0.5136,59822),
 (4823,'2005-10-24',-1.5951,'2005-12-05',-1.5951,59823),
 (4823,'2005-12-05',-2.9355,'2005-12-12',-3.3950,59824),
 (4823,'2005-12-05',-0.6218,'2005-12-19',-0.6218,59825),
 (4823,'2005-12-05',-1.8802,'2005-12-27',-1.8802,59826),
 (4823,'2005-12-05',3.3264,'2006-01-03',3.3264,59827),
 (4823,'2005-12-05',1.9649,'2006-01-09',1.9649,59828),
 (4824,'2005-08-01',-0.5070,'2005-08-08',-1.0070,59829),
 (4824,'2005-08-01',-2.9242,'2005-08-15',-2.9242,59830),
 (4824,'2005-08-01',2.4461,'2005-08-22',2.4461,59831),
 (4824,'2005-08-01',-3.5201,'2005-08-29',-3.5201,59832),
 (4824,'2005-08-01',-0.7665,'2005-09-06',-0.7665,59833),
 (4824,'2005-08-01',1.4691,'2005-09-12',1.4691,59834),
 (4824,'2005-08-01',-4.3739,'2005-09-19',-4.3739,59835),
 (4824,'2005-09-19',0.5727,'2005-09-26',-0.4273,59836),
 (4824,'2005-09-19',-2.8009,'2005-10-03',-2.8009,59837),
 (4824,'2005-09-19',0.2654,'2005-10-10',0.2654,59838);
INSERT INTO `pm_performances` (`pm_id`,`optimized_date`,`actualized_return`,`actualized_date`,`after_cost_return`,`id`) VALUES 
 (4824,'2005-09-19',8.5676,'2005-10-17',8.5676,59839),
 (4824,'2005-09-19',1.3888,'2005-10-24',1.3888,59840),
 (4824,'2005-09-19',10.7348,'2005-10-31',10.7348,59841),
 (4824,'2005-09-19',0.3348,'2005-11-07',0.3348,59842),
 (4824,'2005-11-07',2.9742,'2005-11-14',2.0501,59843),
 (4824,'2005-11-07',0.0268,'2005-11-21',0.0268,59844),
 (4824,'2005-11-07',0.4057,'2005-11-28',0.4057,59845),
 (4824,'2005-11-07',-1.3399,'2005-12-05',-1.3399,59846),
 (4824,'2005-11-07',-2.8464,'2005-12-12',-2.8464,59847),
 (4824,'2005-11-07',0.8276,'2005-12-19',0.8276,59848),
 (4824,'2005-11-07',-1.7771,'2005-12-27',-1.7771,59849),
 (4824,'2005-12-27',9.2253,'2006-01-03',8.5041,59850),
 (4824,'2005-12-27',2.5280,'2006-01-09',2.5280,59851),
 (4825,'2005-08-01',-0.5070,'2005-08-08',-1.0070,59852),
 (4825,'2005-08-01',-2.9242,'2005-08-15',-2.9242,59853),
 (4825,'2005-08-01',2.4461,'2005-08-22',2.4461,59854),
 (4825,'2005-08-01',-3.5201,'2005-08-29',-3.5201,59855);
INSERT INTO `pm_performances` (`pm_id`,`optimized_date`,`actualized_return`,`actualized_date`,`after_cost_return`,`id`) VALUES 
 (4825,'2005-08-01',-0.7665,'2005-09-06',-0.7665,59856),
 (4825,'2005-08-01',1.4691,'2005-09-12',1.4691,59857),
 (4825,'2005-08-01',-4.3739,'2005-09-19',-4.3739,59858),
 (4825,'2005-08-01',-0.1140,'2005-09-26',-0.1140,59859),
 (4825,'2005-09-26',-2.4409,'2005-10-03',-3.4409,59860),
 (4825,'2005-09-26',-0.9280,'2005-10-10',-0.9280,59861),
 (4825,'2005-09-26',9.8793,'2005-10-17',9.8793,59862),
 (4825,'2005-09-26',2.2309,'2005-10-24',2.2309,59863),
 (4825,'2005-09-26',10.3698,'2005-10-31',10.3698,59864),
 (4825,'2005-09-26',0.2624,'2005-11-07',0.2624,59865),
 (4825,'2005-09-26',3.5149,'2005-11-14',3.5149,59866),
 (4825,'2005-09-26',7.2265,'2005-11-21',7.2265,59867),
 (4825,'2005-11-21',1.1582,'2005-11-28',0.2828,59868),
 (4825,'2005-11-21',-0.5662,'2005-12-05',-0.5662,59869),
 (4825,'2005-11-21',-2.8438,'2005-12-12',-2.8438,59870),
 (4825,'2005-11-21',-0.8887,'2005-12-19',-0.8887,59871),
 (4825,'2005-11-21',-1.7990,'2005-12-27',-1.7990,59872);
INSERT INTO `pm_performances` (`pm_id`,`optimized_date`,`actualized_return`,`actualized_date`,`after_cost_return`,`id`) VALUES 
 (4825,'2005-11-21',3.6870,'2006-01-03',3.6870,59873),
 (4825,'2005-11-21',2.0281,'2006-01-09',2.0281,59874),
 (4826,'2005-08-01',-0.5070,'2005-08-08',-1.0070,59875),
 (4826,'2005-08-01',-2.9242,'2005-08-15',-2.9242,59876),
 (4826,'2005-08-01',2.4461,'2005-08-22',2.4461,59877),
 (4826,'2005-08-01',-3.5201,'2005-08-29',-3.5201,59878),
 (4826,'2005-08-01',-0.7665,'2005-09-06',-0.7665,59879),
 (4826,'2005-08-01',1.4691,'2005-09-12',1.4691,59880),
 (4826,'2005-08-01',-4.3739,'2005-09-19',-4.3739,59881),
 (4826,'2005-08-01',-0.1140,'2005-09-26',-0.1140,59882),
 (4826,'2005-08-01',-6.6699,'2005-10-03',-6.6699,59883),
 (4826,'2005-10-03',-2.9657,'2005-10-10',-3.9657,59884),
 (4826,'2005-10-03',8.2354,'2005-10-17',8.2354,59885),
 (4826,'2005-10-03',2.2387,'2005-10-24',2.2387,59886),
 (4826,'2005-10-03',7.2361,'2005-10-31',7.2361,59887),
 (4826,'2005-10-03',1.1254,'2005-11-07',1.1254,59888),
 (4826,'2005-10-03',6.2403,'2005-11-14',6.2403,59889);
INSERT INTO `pm_performances` (`pm_id`,`optimized_date`,`actualized_return`,`actualized_date`,`after_cost_return`,`id`) VALUES 
 (4826,'2005-10-03',3.1873,'2005-11-21',3.1873,59890),
 (4826,'2005-10-03',-2.2970,'2005-11-28',-2.2970,59891),
 (4826,'2005-10-03',-2.1376,'2005-12-05',-2.1376,59892),
 (4826,'2005-12-05',-2.9355,'2005-12-12',-3.9201,59893),
 (4826,'2005-12-05',-0.6218,'2005-12-19',-0.6218,59894),
 (4826,'2005-12-05',-1.8802,'2005-12-27',-1.8802,59895),
 (4826,'2005-12-05',3.3264,'2006-01-03',3.3264,59896),
 (4826,'2005-12-05',1.9649,'2006-01-09',1.9649,59897),
 (4827,'2005-08-01',-0.5070,'2005-08-08',-1.0070,59898),
 (4827,'2005-08-01',-2.9242,'2005-08-15',-2.9242,59899),
 (4827,'2005-08-01',2.4461,'2005-08-22',2.4461,59900),
 (4827,'2005-08-01',-3.5201,'2005-08-29',-3.5201,59901),
 (4827,'2005-08-01',-0.7665,'2005-09-06',-0.7665,59902),
 (4827,'2005-08-01',1.4691,'2005-09-12',1.4691,59903),
 (4827,'2005-08-01',-4.3739,'2005-09-19',-4.3739,59904),
 (4827,'2005-08-01',-0.1140,'2005-09-26',-0.1140,59905),
 (4827,'2005-08-01',-6.6699,'2005-10-03',-6.6699,59906);
INSERT INTO `pm_performances` (`pm_id`,`optimized_date`,`actualized_return`,`actualized_date`,`after_cost_return`,`id`) VALUES 
 (4827,'2005-08-01',-0.4169,'2005-10-10',-0.4169,59907),
 (4827,'2005-10-10',9.9205,'2005-10-17',8.9205,59908),
 (4827,'2005-10-10',3.3334,'2005-10-24',3.3334,59909),
 (4827,'2005-10-10',8.6905,'2005-10-31',8.6905,59910),
 (4827,'2005-10-10',0.0883,'2005-11-07',0.0883,59911),
 (4827,'2005-10-10',2.9420,'2005-11-14',2.9420,59912),
 (4827,'2005-10-10',5.4105,'2005-11-21',5.4105,59913),
 (4827,'2005-10-10',-1.5355,'2005-11-28',-1.5355,59914),
 (4827,'2005-10-10',-1.8577,'2005-12-05',-1.8577,59915),
 (4827,'2005-10-10',2.3409,'2005-12-12',2.3409,59916),
 (4827,'2005-10-10',0.9322,'2005-12-19',0.9322,59917),
 (4827,'2005-12-19',-2.4524,'2005-12-27',-3.1209,59918),
 (4827,'2005-12-19',6.8681,'2006-01-03',6.8681,59919),
 (4827,'2005-12-19',4.9550,'2006-01-09',4.9550,59920),
 (4828,'2005-08-08',-1.0586,'2005-08-15',-1.5586,59921),
 (4828,'2005-08-08',1.1228,'2005-08-22',1.1228,59922),
 (4828,'2005-08-08',0.0097,'2005-08-29',0.0097,59923);
INSERT INTO `pm_performances` (`pm_id`,`optimized_date`,`actualized_return`,`actualized_date`,`after_cost_return`,`id`) VALUES 
 (4828,'2005-08-08',8.9402,'2005-09-06',8.9402,59924),
 (4828,'2005-08-08',1.7468,'2005-09-12',1.7468,59925),
 (4828,'2005-08-08',1.8287,'2005-09-19',1.8287,59926),
 (4828,'2005-09-19',0.7649,'2005-09-26',0.5221,59927),
 (4828,'2005-09-19',-4.2646,'2005-10-03',-4.2646,59928),
 (4828,'2005-09-19',5.1162,'2005-10-10',5.1162,59929),
 (4828,'2005-09-19',3.2356,'2005-10-17',3.2356,59930),
 (4828,'2005-09-19',-2.0343,'2005-10-24',-2.0343,59931),
 (4828,'2005-09-19',12.2186,'2005-10-31',12.2186,59932),
 (4828,'2005-10-31',1.4260,'2005-11-07',0.5067,59933),
 (4828,'2005-10-31',5.4907,'2005-11-14',5.4907,59934),
 (4828,'2005-10-31',1.1266,'2005-11-21',1.1266,59935),
 (4828,'2005-10-31',-0.2855,'2005-11-28',-0.2855,59936),
 (4828,'2005-10-31',-1.4802,'2005-12-05',-1.4802,59937),
 (4828,'2005-10-31',0.1853,'2005-12-12',0.1853,59938),
 (4828,'2005-12-12',-0.7043,'2005-12-19',-1.3214,59939),
 (4828,'2005-12-12',-1.9210,'2005-12-27',-1.9210,59940);
INSERT INTO `pm_performances` (`pm_id`,`optimized_date`,`actualized_return`,`actualized_date`,`after_cost_return`,`id`) VALUES 
 (4828,'2005-12-12',3.4935,'2006-01-03',3.4935,59941),
 (4828,'2005-12-12',1.7296,'2006-01-09',1.7296,59942),
 (4829,'2005-08-08',-1.0586,'2005-08-15',-1.5586,59943),
 (4829,'2005-08-08',1.1228,'2005-08-22',1.1228,59944),
 (4829,'2005-08-08',0.0097,'2005-08-29',0.0097,59945),
 (4829,'2005-08-08',8.9402,'2005-09-06',8.9402,59946),
 (4829,'2005-08-08',1.7468,'2005-09-12',1.7468,59947),
 (4829,'2005-08-08',1.8287,'2005-09-19',1.8287,59948),
 (4829,'2005-08-08',2.1140,'2005-09-26',2.1140,59949),
 (4829,'2005-09-26',-2.3560,'2005-10-03',-2.9639,59950),
 (4829,'2005-09-26',-1.2092,'2005-10-10',-1.2092,59951),
 (4829,'2005-09-26',10.1884,'2005-10-17',10.1884,59952),
 (4829,'2005-09-26',2.4294,'2005-10-24',2.4294,59953),
 (4829,'2005-09-26',10.2838,'2005-10-31',10.2838,59954),
 (4829,'2005-09-26',0.2454,'2005-11-07',0.2454,59955),
 (4829,'2005-09-26',3.4517,'2005-11-14',3.4517,59956),
 (4829,'2005-11-14',0.0252,'2005-11-21',-0.8263,59957);
INSERT INTO `pm_performances` (`pm_id`,`optimized_date`,`actualized_return`,`actualized_date`,`after_cost_return`,`id`) VALUES 
 (4829,'2005-11-14',0.3351,'2005-11-28',0.3351,59958),
 (4829,'2005-11-14',-1.1117,'2005-12-05',-1.1117,59959),
 (4829,'2005-11-14',-2.3599,'2005-12-12',-2.3599,59960),
 (4829,'2005-11-14',0.6909,'2005-12-19',0.6909,59961),
 (4829,'2005-11-14',-1.4734,'2005-12-27',-1.4734,59962),
 (4829,'2005-11-14',2.6099,'2006-01-03',2.6099,59963),
 (4829,'2006-01-03',2.9211,'2006-01-09',2.2997,59964),
 (4830,'2005-08-08',-1.0586,'2005-08-15',-1.5586,59965),
 (4830,'2005-08-08',1.1228,'2005-08-22',1.1228,59966),
 (4830,'2005-08-08',0.0097,'2005-08-29',0.0097,59967),
 (4830,'2005-08-08',8.9402,'2005-09-06',8.9402,59968),
 (4830,'2005-08-08',1.7468,'2005-09-12',1.7468,59969),
 (4830,'2005-08-08',1.8287,'2005-09-19',1.8287,59970),
 (4830,'2005-08-08',2.1140,'2005-09-26',2.1140,59971),
 (4830,'2005-08-08',-3.8321,'2005-10-03',-3.8321,59972),
 (4830,'2005-10-03',-4.6901,'2005-10-10',-5.6901,59973),
 (4830,'2005-10-03',12.6011,'2005-10-17',12.6011,59974);
INSERT INTO `pm_performances` (`pm_id`,`optimized_date`,`actualized_return`,`actualized_date`,`after_cost_return`,`id`) VALUES 
 (4830,'2005-10-03',4.5077,'2005-10-24',4.5077,59975),
 (4830,'2005-10-03',8.7918,'2005-10-31',8.7918,59976),
 (4830,'2005-10-03',0.0277,'2005-11-07',0.0277,59977),
 (4830,'2005-10-03',2.6803,'2005-11-14',2.6803,59978),
 (4830,'2005-10-03',6.2626,'2005-11-21',6.2626,59979),
 (4830,'2005-10-03',-2.1828,'2005-11-28',-2.1828,59980),
 (4830,'2005-11-28',-0.5774,'2005-12-05',-1.5774,59981),
 (4830,'2005-11-28',-2.9084,'2005-12-12',-2.9084,59982),
 (4830,'2005-11-28',-0.5083,'2005-12-19',-0.5083,59983),
 (4830,'2005-11-28',-1.8886,'2005-12-27',-1.8886,59984),
 (4830,'2005-11-28',3.6165,'2006-01-03',3.6165,59985),
 (4830,'2005-11-28',2.4152,'2006-01-09',2.4152,59986),
 (4831,'2005-08-08',-1.0586,'2005-08-15',-1.5586,59987),
 (4831,'2005-08-08',1.1228,'2005-08-22',1.1228,59988),
 (4831,'2005-08-08',0.0097,'2005-08-29',0.0097,59989),
 (4831,'2005-08-08',8.9402,'2005-09-06',8.9402,59990),
 (4831,'2005-08-08',1.7468,'2005-09-12',1.7468,59991);
INSERT INTO `pm_performances` (`pm_id`,`optimized_date`,`actualized_return`,`actualized_date`,`after_cost_return`,`id`) VALUES 
 (4831,'2005-08-08',1.8287,'2005-09-19',1.8287,59992),
 (4831,'2005-08-08',2.1140,'2005-09-26',2.1140,59993),
 (4831,'2005-08-08',-3.8321,'2005-10-03',-3.8321,59994),
 (4831,'2005-08-08',4.6433,'2005-10-10',4.6433,59995),
 (4831,'2005-10-10',13.0295,'2005-10-17',12.0295,59996),
 (4831,'2005-10-10',4.6785,'2005-10-24',4.6785,59997),
 (4831,'2005-10-10',8.8341,'2005-10-31',8.8341,59998),
 (4831,'2005-10-10',0.0208,'2005-11-07',0.0208,59999),
 (4831,'2005-10-10',2.6473,'2005-11-14',2.6473,60000),
 (4831,'2005-10-10',6.4272,'2005-11-21',6.4272,60001),
 (4831,'2005-10-10',-2.2547,'2005-11-28',-2.2547,60002),
 (4831,'2005-10-10',-2.0291,'2005-12-05',-2.0291,60003),
 (4831,'2005-10-10',4.1603,'2005-12-12',4.1603,60004),
 (4831,'2005-12-12',-0.7043,'2005-12-19',-1.7043,60005),
 (4831,'2005-12-12',-1.9210,'2005-12-27',-1.9210,60006),
 (4831,'2005-12-12',3.4935,'2006-01-03',3.4935,60007),
 (4831,'2005-12-12',1.7296,'2006-01-09',1.7296,60008);
INSERT INTO `pm_performances` (`pm_id`,`optimized_date`,`actualized_return`,`actualized_date`,`after_cost_return`,`id`) VALUES 
 (4832,'2005-08-08',-1.0586,'2005-08-15',-1.5586,60009),
 (4832,'2005-08-08',1.1228,'2005-08-22',1.1228,60010),
 (4832,'2005-08-08',0.0097,'2005-08-29',0.0097,60011),
 (4832,'2005-08-08',8.9402,'2005-09-06',8.9402,60012),
 (4832,'2005-08-08',1.7468,'2005-09-12',1.7468,60013),
 (4832,'2005-08-08',1.8287,'2005-09-19',1.8287,60014),
 (4832,'2005-08-08',2.1140,'2005-09-26',2.1140,60015),
 (4832,'2005-08-08',-3.8321,'2005-10-03',-3.8321,60016),
 (4832,'2005-08-08',4.6433,'2005-10-10',4.6433,60017),
 (4832,'2005-08-08',3.3576,'2005-10-17',3.3576,60018),
 (4832,'2005-10-17',-1.2330,'2005-10-24',-1.6862,60019),
 (4832,'2005-10-17',9.8545,'2005-10-31',9.8545,60020),
 (4832,'2005-10-17',0.7640,'2005-11-07',0.7640,60021),
 (4832,'2005-10-17',5.2883,'2005-11-14',5.2883,60022),
 (4832,'2005-10-17',4.5754,'2005-11-21',4.5754,60023),
 (4832,'2005-10-17',2.1545,'2005-11-28',2.1545,60024),
 (4832,'2005-10-17',0.3378,'2005-12-05',0.3378,60025);
INSERT INTO `pm_performances` (`pm_id`,`optimized_date`,`actualized_return`,`actualized_date`,`after_cost_return`,`id`) VALUES 
 (4832,'2005-10-17',-2.1597,'2005-12-12',-2.1597,60026),
 (4832,'2005-10-17',1.4481,'2005-12-19',1.4481,60027),
 (4832,'2005-10-17',-2.4053,'2005-12-27',-2.4053,60028),
 (4832,'2005-12-27',8.1159,'2006-01-03',7.3663,60029),
 (4832,'2005-12-27',3.3980,'2006-01-09',3.3980,60030),
 (4833,'2005-08-15',1.1690,'2005-08-22',0.6690,60031),
 (4833,'2005-08-15',-0.0267,'2005-08-29',-0.0267,60032),
 (4833,'2005-08-15',8.8677,'2005-09-06',8.8677,60033),
 (4833,'2005-08-15',1.8147,'2005-09-12',1.8147,60034),
 (4833,'2005-08-15',1.7568,'2005-09-19',1.7568,60035),
 (4833,'2005-08-15',2.1610,'2005-09-26',2.1610,60036),
 (4833,'2005-09-26',-3.1557,'2005-10-03',-3.5147,60037),
 (4833,'2005-09-26',1.4413,'2005-10-10',1.4413,60038),
 (4833,'2005-09-26',7.2750,'2005-10-17',7.2750,60039),
 (4833,'2005-09-26',0.5590,'2005-10-24',0.5590,60040),
 (4833,'2005-09-26',11.0945,'2005-10-31',11.0945,60041),
 (4833,'2005-09-26',0.4061,'2005-11-07',0.4061,60042);
INSERT INTO `pm_performances` (`pm_id`,`optimized_date`,`actualized_return`,`actualized_date`,`after_cost_return`,`id`) VALUES 
 (4833,'2005-11-07',5.3450,'2005-11-14',4.3832,60043),
 (4833,'2005-11-07',0.9132,'2005-11-21',0.9132,60044),
 (4833,'2005-11-07',-0.4440,'2005-11-28',-0.4440,60045),
 (4833,'2005-11-07',-1.6921,'2005-12-05',-1.6921,60046),
 (4833,'2005-11-07',-0.0597,'2005-12-12',-0.0597,60047),
 (4833,'2005-11-07',-0.8629,'2005-12-19',-0.8629,60048),
 (4833,'2005-12-19',-2.4890,'2005-12-27',-2.8820,60049),
 (4833,'2005-12-19',6.6430,'2006-01-03',6.6430,60050),
 (4833,'2005-12-19',2.2129,'2006-01-09',2.2129,60051),
 (4834,'2005-08-15',1.1690,'2005-08-22',0.6690,60052),
 (4834,'2005-08-15',-0.0267,'2005-08-29',-0.0267,60053),
 (4834,'2005-08-15',8.8677,'2005-09-06',8.8677,60054),
 (4834,'2005-08-15',1.8147,'2005-09-12',1.8147,60055),
 (4834,'2005-08-15',1.7568,'2005-09-19',1.7568,60056),
 (4834,'2005-08-15',2.1610,'2005-09-26',2.1610,60057),
 (4834,'2005-08-15',-3.8154,'2005-10-03',-3.8154,60058),
 (4834,'2005-10-03',-5.3836,'2005-10-10',-6.3836,60059);
INSERT INTO `pm_performances` (`pm_id`,`optimized_date`,`actualized_return`,`actualized_date`,`after_cost_return`,`id`) VALUES 
 (4834,'2005-10-03',14.7768,'2005-10-17',14.7768,60060),
 (4834,'2005-10-03',5.3751,'2005-10-24',5.3751,60061),
 (4834,'2005-10-03',9.0069,'2005-10-31',9.0069,60062),
 (4834,'2005-10-03',-0.0077,'2005-11-07',-0.0077,60063),
 (4834,'2005-10-03',2.5128,'2005-11-14',2.5128,60064),
 (4834,'2005-10-03',7.0988,'2005-11-21',7.0988,60065),
 (4834,'2005-11-21',0.3147,'2005-11-28',-0.4915,60066),
 (4834,'2005-11-21',-0.9412,'2005-12-05',-0.9412,60067),
 (4834,'2005-11-21',-2.0328,'2005-12-12',-2.0328,60068),
 (4834,'2005-11-21',0.4973,'2005-12-19',0.4973,60069),
 (4834,'2005-11-21',-1.2699,'2005-12-27',-1.2699,60070),
 (4834,'2005-11-21',2.2306,'2006-01-03',2.2306,60071),
 (4834,'2005-11-21',1.8465,'2006-01-09',1.8465,60072),
 (4835,'2005-08-15',1.1690,'2005-08-22',0.6690,60073),
 (4835,'2005-08-15',-0.0267,'2005-08-29',-0.0267,60074),
 (4835,'2005-08-15',8.8677,'2005-09-06',8.8677,60075),
 (4835,'2005-08-15',1.8147,'2005-09-12',1.8147,60076);
INSERT INTO `pm_performances` (`pm_id`,`optimized_date`,`actualized_return`,`actualized_date`,`after_cost_return`,`id`) VALUES 
 (4835,'2005-08-15',1.7568,'2005-09-19',1.7568,60077),
 (4835,'2005-08-15',2.1610,'2005-09-26',2.1610,60078),
 (4835,'2005-08-15',-3.8154,'2005-10-03',-3.8154,60079),
 (4835,'2005-08-15',4.6216,'2005-10-10',4.6216,60080),
 (4835,'2005-10-10',12.0531,'2005-10-17',11.0531,60081),
 (4835,'2005-10-10',4.2893,'2005-10-24',4.2893,60082),
 (4835,'2005-10-10',8.7376,'2005-10-31',8.7376,60083),
 (4835,'2005-10-10',0.0367,'2005-11-07',0.0367,60084),
 (4835,'2005-10-10',2.7225,'2005-11-14',2.7225,60085),
 (4835,'2005-10-10',6.0520,'2005-11-21',6.0520,60086),
 (4835,'2005-10-10',-2.0909,'2005-11-28',-2.0909,60087),
 (4835,'2005-10-10',-2.0258,'2005-12-05',-2.0258,60088),
 (4835,'2005-12-05',-3.1183,'2005-12-12',-4.1183,60089),
 (4835,'2005-12-05',-0.3677,'2005-12-19',-0.3677,60090),
 (4835,'2005-12-05',-1.8639,'2005-12-27',-1.8639,60091),
 (4835,'2005-12-05',3.3898,'2006-01-03',3.3898,60092),
 (4835,'2005-12-05',2.6596,'2006-01-09',2.6596,60093);
INSERT INTO `pm_performances` (`pm_id`,`optimized_date`,`actualized_return`,`actualized_date`,`after_cost_return`,`id`) VALUES 
 (4836,'2005-08-15',1.1690,'2005-08-22',0.6690,60094),
 (4836,'2005-08-15',-0.0267,'2005-08-29',-0.0267,60095),
 (4836,'2005-08-15',8.8677,'2005-09-06',8.8677,60096),
 (4836,'2005-08-15',1.8147,'2005-09-12',1.8147,60097),
 (4836,'2005-08-15',1.7568,'2005-09-19',1.7568,60098),
 (4836,'2005-08-15',2.1610,'2005-09-26',2.1610,60099),
 (4836,'2005-08-15',-3.8154,'2005-10-03',-3.8154,60100),
 (4836,'2005-08-15',4.6216,'2005-10-10',4.6216,60101),
 (4836,'2005-08-15',3.3675,'2005-10-17',3.3675,60102),
 (4836,'2005-10-17',-0.2304,'2005-10-24',-0.7417,60103),
 (4836,'2005-10-17',8.9213,'2005-10-31',8.9213,60104),
 (4836,'2005-10-17',1.2727,'2005-11-07',1.2727,60105),
 (4836,'2005-10-17',5.6080,'2005-11-14',5.6080,60106),
 (4836,'2005-10-17',3.8949,'2005-11-21',3.8949,60107),
 (4836,'2005-10-17',1.7517,'2005-11-28',1.7517,60108),
 (4836,'2005-10-17',0.2255,'2005-12-05',0.2255,60109),
 (4836,'2005-10-17',-0.9765,'2005-12-12',-0.9765,60110);
INSERT INTO `pm_performances` (`pm_id`,`optimized_date`,`actualized_return`,`actualized_date`,`after_cost_return`,`id`) VALUES 
 (4836,'2005-10-17',0.0369,'2005-12-19',0.0369,60111),
 (4836,'2005-12-19',-2.4890,'2005-12-27',-2.6044,60112),
 (4836,'2005-12-19',6.6430,'2006-01-03',6.6430,60113),
 (4836,'2005-12-19',2.2129,'2006-01-09',2.2129,60114),
 (4837,'2005-08-15',1.1690,'2005-08-22',0.6690,60115),
 (4837,'2005-08-15',-0.0267,'2005-08-29',-0.0267,60116),
 (4837,'2005-08-15',8.8677,'2005-09-06',8.8677,60117),
 (4837,'2005-08-15',1.8147,'2005-09-12',1.8147,60118),
 (4837,'2005-08-15',1.7568,'2005-09-19',1.7568,60119),
 (4837,'2005-08-15',2.1610,'2005-09-26',2.1610,60120),
 (4837,'2005-08-15',-3.8154,'2005-10-03',-3.8154,60121),
 (4837,'2005-08-15',4.6216,'2005-10-10',4.6216,60122),
 (4837,'2005-08-15',3.3675,'2005-10-17',3.3675,60123),
 (4837,'2005-08-15',-0.7151,'2005-10-24',-0.7151,60124),
 (4837,'2005-10-24',7.5955,'2005-10-31',6.7843,60125),
 (4837,'2005-10-24',1.1549,'2005-11-07',1.1549,60126),
 (4837,'2005-10-24',5.8048,'2005-11-14',5.8048,60127);
INSERT INTO `pm_performances` (`pm_id`,`optimized_date`,`actualized_return`,`actualized_date`,`after_cost_return`,`id`) VALUES 
 (4837,'2005-10-24',2.1764,'2005-11-21',2.1764,60128),
 (4837,'2005-10-24',0.0328,'2005-11-28',0.0328,60129),
 (4837,'2005-10-24',-1.1681,'2005-12-05',-1.1681,60130),
 (4837,'2005-10-24',0.1905,'2005-12-12',0.1905,60131),
 (4837,'2005-10-24',-0.6527,'2005-12-19',-0.6527,60132),
 (4837,'2005-10-24',-2.7704,'2005-12-27',-2.7704,60133),
 (4837,'2005-10-24',7.2328,'2006-01-03',7.2328,60134),
 (4837,'2006-01-03',3.9237,'2006-01-09',3.2098,60135),
 (4838,'2005-08-22',0.0760,'2005-08-29',-0.4240,60136),
 (4838,'2005-08-22',9.0724,'2005-09-06',9.0724,60137),
 (4838,'2005-08-22',1.6230,'2005-09-12',1.6230,60138),
 (4838,'2005-08-22',1.9599,'2005-09-19',1.9599,60139),
 (4838,'2005-08-22',2.0284,'2005-09-26',2.0284,60140),
 (4838,'2005-08-22',-3.8625,'2005-10-03',-3.8625,60141),
 (4838,'2005-10-03',-4.2664,'2005-10-10',-5.1762,60142),
 (4838,'2005-10-03',13.2306,'2005-10-17',13.2306,60143),
 (4838,'2005-10-03',4.5016,'2005-10-24',4.5016,60144);
INSERT INTO `pm_performances` (`pm_id`,`optimized_date`,`actualized_return`,`actualized_date`,`after_cost_return`,`id`) VALUES 
 (4838,'2005-10-03',9.2524,'2005-10-31',9.2524,60145),
 (4838,'2005-10-03',0.0585,'2005-11-07',0.0585,60146),
 (4838,'2005-10-03',2.7667,'2005-11-14',2.7667,60147),
 (4838,'2005-11-14',1.7065,'2005-11-21',0.8273,60148),
 (4838,'2005-11-14',0.1442,'2005-11-28',0.1442,60149),
 (4838,'2005-11-14',-1.1895,'2005-12-05',-1.1895,60150),
 (4838,'2005-11-14',-0.3522,'2005-12-12',-0.3522,60151),
 (4838,'2005-11-14',-0.5741,'2005-12-19',-0.5741,60152),
 (4838,'2005-11-14',-2.6341,'2005-12-27',-2.6341,60153),
 (4838,'2005-12-27',8.1897,'2006-01-03',7.5553,60154),
 (4838,'2005-12-27',3.3619,'2006-01-09',3.3619,60155),
 (4839,'2005-08-22',0.0760,'2005-08-29',-0.4240,60156),
 (4839,'2005-08-22',9.0724,'2005-09-06',9.0724,60157),
 (4839,'2005-08-22',1.6230,'2005-09-12',1.6230,60158),
 (4839,'2005-08-22',1.9599,'2005-09-19',1.9599,60159),
 (4839,'2005-08-22',2.0284,'2005-09-26',2.0284,60160),
 (4839,'2005-08-22',-3.8625,'2005-10-03',-3.8625,60161);
INSERT INTO `pm_performances` (`pm_id`,`optimized_date`,`actualized_return`,`actualized_date`,`after_cost_return`,`id`) VALUES 
 (4839,'2005-08-22',4.6828,'2005-10-10',4.6828,60162),
 (4839,'2005-10-10',14.2939,'2005-10-17',13.3351,60163),
 (4839,'2005-10-10',5.0651,'2005-10-24',5.0651,60164),
 (4839,'2005-10-10',9.1413,'2005-10-31',9.1413,60165),
 (4839,'2005-10-10',0.0189,'2005-11-07',0.0189,60166),
 (4839,'2005-10-10',2.6116,'2005-11-14',2.6116,60167),
 (4839,'2005-10-10',7.1114,'2005-11-21',7.1114,60168),
 (4839,'2005-10-10',-2.2468,'2005-11-28',-2.2468,60169),
 (4839,'2005-11-28',-1.0734,'2005-12-05',-1.9539,60170),
 (4839,'2005-11-28',-2.7673,'2005-12-12',-2.7673,60171),
 (4839,'2005-11-28',0.5238,'2005-12-19',0.5238,60172),
 (4839,'2005-11-28',-1.7028,'2005-12-27',-1.7028,60173),
 (4839,'2005-11-28',3.0482,'2006-01-03',3.0482,60174),
 (4839,'2005-11-28',2.6083,'2006-01-09',2.6083,60175),
 (4840,'2005-08-22',0.0760,'2005-08-29',-0.4240,60176),
 (4840,'2005-08-22',9.0724,'2005-09-06',9.0724,60177),
 (4840,'2005-08-22',1.6230,'2005-09-12',1.6230,60178);
INSERT INTO `pm_performances` (`pm_id`,`optimized_date`,`actualized_return`,`actualized_date`,`after_cost_return`,`id`) VALUES 
 (4840,'2005-08-22',1.9599,'2005-09-19',1.9599,60179),
 (4840,'2005-08-22',2.0284,'2005-09-26',2.0284,60180),
 (4840,'2005-08-22',-3.8625,'2005-10-03',-3.8625,60181),
 (4840,'2005-08-22',4.6828,'2005-10-10',4.6828,60182),
 (4840,'2005-08-22',3.3395,'2005-10-17',3.3395,60183),
 (4840,'2005-10-17',-1.8940,'2005-10-24',-2.1213,60184),
 (4840,'2005-10-17',11.7833,'2005-10-31',11.7833,60185),
 (4840,'2005-10-17',0.7202,'2005-11-07',0.7202,60186),
 (4840,'2005-10-17',5.1561,'2005-11-14',5.1561,60187),
 (4840,'2005-10-17',6.9108,'2005-11-21',6.9108,60188),
 (4840,'2005-10-17',4.1736,'2005-11-28',4.1736,60189),
 (4840,'2005-10-17',1.9677,'2005-12-05',1.9677,60190),
 (4840,'2005-10-17',-3.5639,'2005-12-12',-3.5639,60191),
 (4840,'2005-12-12',-0.5377,'2005-12-19',-1.4230,60192),
 (4840,'2005-12-12',-1.8662,'2005-12-27',-1.8662,60193),
 (4840,'2005-12-12',3.3015,'2006-01-03',3.3015,60194),
 (4840,'2005-12-12',2.1974,'2006-01-09',2.1974,60195);
INSERT INTO `pm_performances` (`pm_id`,`optimized_date`,`actualized_return`,`actualized_date`,`after_cost_return`,`id`) VALUES 
 (4841,'2005-08-22',0.0760,'2005-08-29',-0.4240,60196),
 (4841,'2005-08-22',9.0724,'2005-09-06',9.0724,60197),
 (4841,'2005-08-22',1.6230,'2005-09-12',1.6230,60198),
 (4841,'2005-08-22',1.9599,'2005-09-19',1.9599,60199),
 (4841,'2005-08-22',2.0284,'2005-09-26',2.0284,60200),
 (4841,'2005-08-22',-3.8625,'2005-10-03',-3.8625,60201),
 (4841,'2005-08-22',4.6828,'2005-10-10',4.6828,60202),
 (4841,'2005-08-22',3.3395,'2005-10-17',3.3395,60203),
 (4841,'2005-08-22',-0.8508,'2005-10-24',-0.8508,60204),
 (4841,'2005-10-24',6.1822,'2005-10-31',5.2245,60205),
 (4841,'2005-10-24',1.7164,'2005-11-07',1.7164,60206),
 (4841,'2005-10-24',5.9033,'2005-11-14',5.9033,60207),
 (4841,'2005-10-24',1.2135,'2005-11-21',1.2135,60208),
 (4841,'2005-10-24',-0.9057,'2005-11-28',-0.9057,60209),
 (4841,'2005-10-24',-1.6191,'2005-12-05',-1.6191,60210),
 (4841,'2005-10-24',2.0151,'2005-12-12',2.0151,60211),
 (4841,'2005-10-24',-2.4330,'2005-12-19',-2.4330,60212);
INSERT INTO `pm_performances` (`pm_id`,`optimized_date`,`actualized_return`,`actualized_date`,`after_cost_return`,`id`) VALUES 
 (4841,'2005-10-24',-2.9470,'2005-12-27',-2.9470,60213),
 (4841,'2005-12-27',8.1897,'2006-01-03',7.5684,60214),
 (4841,'2005-12-27',3.3619,'2006-01-09',3.3619,60215),
 (4842,'2005-08-22',0.0760,'2005-08-29',-0.4240,60216),
 (4842,'2005-08-22',9.0724,'2005-09-06',9.0724,60217),
 (4842,'2005-08-22',1.6230,'2005-09-12',1.6230,60218),
 (4842,'2005-08-22',1.9599,'2005-09-19',1.9599,60219),
 (4842,'2005-08-22',2.0284,'2005-09-26',2.0284,60220),
 (4842,'2005-08-22',-3.8625,'2005-10-03',-3.8625,60221),
 (4842,'2005-08-22',4.6828,'2005-10-10',4.6828,60222),
 (4842,'2005-08-22',3.3395,'2005-10-17',3.3395,60223),
 (4842,'2005-08-22',-0.8508,'2005-10-24',-0.8508,60224),
 (4842,'2005-08-22',9.5744,'2005-10-31',9.5744,60225),
 (4842,'2005-10-31',0.9108,'2005-11-07',0.2006,60226),
 (4842,'2005-10-31',5.7316,'2005-11-14',5.7316,60227),
 (4842,'2005-10-31',2.9989,'2005-11-21',2.9989,60228),
 (4842,'2005-10-31',0.5594,'2005-11-28',0.5594,60229);
INSERT INTO `pm_performances` (`pm_id`,`optimized_date`,`actualized_return`,`actualized_date`,`after_cost_return`,`id`) VALUES 
 (4842,'2005-10-31',-0.8085,'2005-12-05',-0.8085,60230),
 (4842,'2005-10-31',-0.4555,'2005-12-12',-0.4555,60231),
 (4842,'2005-10-31',0.1294,'2005-12-19',0.1294,60232),
 (4842,'2005-10-31',-2.7097,'2005-12-27',-2.7097,60233),
 (4842,'2005-10-31',7.2066,'2006-01-03',7.2066,60234),
 (4842,'2005-10-31',2.0530,'2006-01-09',2.0530,60235);
/*!40000 ALTER TABLE `pm_performances` ENABLE KEYS */;


--
-- Table structure for table `evolution_development`.`pms`
--

DROP TABLE IF EXISTS `pms`;
CREATE TABLE `pms` (
  `id` int(10) NOT NULL auto_increment,
  `memory` int(10) default NULL,
  `confidence` int(10) default NULL,
  `scope` int(10) default NULL,
  PRIMARY KEY  (`id`)
) ENGINE=MyISAM DEFAULT CHARSET=latin1 COMMENT='InnoDB free: 9216 kB; InnoDB free: 9216 kB; InnoDB free: 921';

--
-- Dumping data for table `evolution_development`.`pms`
--

/*!40000 ALTER TABLE `pms` DISABLE KEYS */;
INSERT INTO `pms` (`id`,`memory`,`confidence`,`scope`) VALUES 
 (4818,6,6,NULL),
 (4819,6,7,NULL),
 (4820,6,8,NULL),
 (4821,6,9,NULL),
 (4822,6,10,NULL),
 (4823,7,6,NULL),
 (4824,7,7,NULL),
 (4825,7,8,NULL),
 (4826,7,9,NULL),
 (4827,7,10,NULL),
 (4828,8,6,NULL),
 (4829,8,7,NULL),
 (4830,8,8,NULL),
 (4831,8,9,NULL),
 (4832,8,10,NULL),
 (4833,9,6,NULL),
 (4834,9,7,NULL),
 (4835,9,8,NULL),
 (4836,9,9,NULL),
 (4837,9,10,NULL),
 (4838,10,6,NULL),
 (4839,10,7,NULL),
 (4840,10,8,NULL),
 (4841,10,9,NULL),
 (4842,10,10,NULL);
/*!40000 ALTER TABLE `pms` ENABLE KEYS */;


--
-- Table structure for table `evolution_development`.`portfolio_items`
--

DROP TABLE IF EXISTS `portfolio_items`;
CREATE TABLE `portfolio_items` (
  `pm_id` int(10) NOT NULL default '0',
  `date` date NOT NULL default '0000-00-00',
  `ticker` varchar(10) NOT NULL default '',
  `fraction` float(10,4) default NULL,
  `shares` int(10) default NULL,
  `book_value` float(20,4) default NULL,
  `market_value` float(20,4) default NULL,
  `id` int(15) NOT NULL auto_increment,
  PRIMARY KEY  (`id`),
  KEY `FK_portfolios_pm_id` (`pm_id`),
  KEY `FK_portfolio_quote` (`date`,`ticker`),
  KEY `Index_4` (`date`)
) ENGINE=MEMORY DEFAULT CHARSET=latin1 COMMENT='InnoDB free: 9216 kB; InnoDB free: 9216 kB; InnoDB free: 921';

--
-- Dumping data for table `evolution_development`.`portfolio_items`
--

/*!40000 ALTER TABLE `portfolio_items` DISABLE KEYS */;
INSERT INTO `portfolio_items` (`pm_id`,`date`,`ticker`,`fraction`,`shares`,`book_value`,`market_value`,`id`) VALUES 
 (4824,'2005-12-27','MSFT',20.3034,NULL,NULL,NULL,14666),
 (4824,'2005-12-27','AAPL',18.3898,NULL,NULL,NULL,14665),
 (4824,'2005-11-07','INTL',47.4206,NULL,NULL,NULL,14664),
 (4824,'2005-11-07','MSFT',37.4101,NULL,NULL,NULL,14663),
 (4824,'2005-09-19','GOOG',46.9422,NULL,NULL,NULL,14662),
 (4824,'2005-09-19','AAPL',53.0578,NULL,NULL,NULL,14661),
 (4824,'2005-08-01','GM',82.4990,NULL,NULL,NULL,14660),
 (4824,'2005-08-01','ADBE',17.5010,NULL,NULL,NULL,14659),
 (4823,'2005-12-05','YHOO',1.5363,NULL,NULL,NULL,14658),
 (4823,'2005-12-05','MSFT',88.9616,NULL,NULL,NULL,14657),
 (4823,'2005-12-05','AAPL',9.5021,NULL,NULL,NULL,14656),
 (4823,'2005-10-24','INTL',2.1658,NULL,NULL,NULL,14655),
 (4823,'2005-10-24','YHOO',45.3201,NULL,NULL,NULL,14654),
 (4823,'2005-10-24','MSFT',52.5141,NULL,NULL,NULL,14653),
 (4823,'2005-09-12','GOOG',28.9769,NULL,NULL,NULL,14652),
 (4823,'2005-09-12','AAPL',71.0231,NULL,NULL,NULL,14651),
 (4823,'2005-08-01','GM',82.4990,NULL,NULL,NULL,14650);
INSERT INTO `portfolio_items` (`pm_id`,`date`,`ticker`,`fraction`,`shares`,`book_value`,`market_value`,`id`) VALUES 
 (4823,'2005-08-01','ADBE',17.5010,NULL,NULL,NULL,14649),
 (4822,'2005-12-12','MSFT',92.5974,NULL,NULL,NULL,14648),
 (4822,'2005-12-12','AAPL',7.4026,NULL,NULL,NULL,14647),
 (4822,'2005-10-03','GOOG',17.9989,NULL,NULL,NULL,14646),
 (4822,'2005-10-03','INTL',12.0002,NULL,NULL,NULL,14645),
 (4822,'2005-10-03','YHOO',70.0009,NULL,NULL,NULL,14644),
 (4822,'2005-07-25','ADBE',97.9413,NULL,NULL,NULL,14643),
 (4822,'2005-07-25','AAPL',2.0587,NULL,NULL,NULL,14642),
 (4821,'2005-11-28','GM',8.8920,NULL,NULL,NULL,14641),
 (4821,'2005-11-28','YHOO',4.6153,NULL,NULL,NULL,14640),
 (4821,'2005-11-28','MSFT',77.3525,NULL,NULL,NULL,14639),
 (4821,'2005-11-28','AAPL',9.1401,NULL,NULL,NULL,14638),
 (4821,'2005-09-26','GOOG',35.2180,NULL,NULL,NULL,14637),
 (4821,'2005-09-26','YHOO',64.7820,NULL,NULL,NULL,14636),
 (4821,'2005-07-25','ADBE',97.9413,NULL,NULL,NULL,14635),
 (4821,'2005-07-25','AAPL',2.0587,NULL,NULL,NULL,14634),
 (4820,'2006-01-09','GOOG',30.9528,NULL,NULL,NULL,14633);
INSERT INTO `portfolio_items` (`pm_id`,`date`,`ticker`,`fraction`,`shares`,`book_value`,`market_value`,`id`) VALUES 
 (4820,'2006-01-09','MSFT',25.7808,NULL,NULL,NULL,14632),
 (4820,'2006-01-09','AAPL',43.2664,NULL,NULL,NULL,14631),
 (4820,'2005-11-14','GM',37.6408,NULL,NULL,NULL,14630),
 (4820,'2005-11-14','MSFT',56.3455,NULL,NULL,NULL,14629),
 (4820,'2005-11-14','AAPL',6.0137,NULL,NULL,NULL,14628),
 (4820,'2005-09-19','GOOG',30.1134,NULL,NULL,NULL,14627),
 (4820,'2005-09-19','AAPL',69.8866,NULL,NULL,NULL,14626),
 (4820,'2005-07-25','ADBE',97.9413,NULL,NULL,NULL,14625),
 (4820,'2005-07-25','AAPL',2.0587,NULL,NULL,NULL,14624),
 (4819,'2005-12-19','GOOG',42.7737,NULL,NULL,NULL,14623),
 (4819,'2005-12-19','MSFT',26.2494,NULL,NULL,NULL,14622),
 (4819,'2005-12-19','AAPL',30.9770,NULL,NULL,NULL,14621),
 (4819,'2005-10-31','INTL',45.4492,NULL,NULL,NULL,14620),
 (4819,'2005-10-31','MSFT',37.3690,NULL,NULL,NULL,14619),
 (4819,'2005-09-12','GOOG',79.0500,NULL,NULL,NULL,14618),
 (4819,'2005-09-12','AAPL',20.9500,NULL,NULL,NULL,14617),
 (4819,'2005-07-25','ADBE',97.9413,NULL,NULL,NULL,14616);
INSERT INTO `portfolio_items` (`pm_id`,`date`,`ticker`,`fraction`,`shares`,`book_value`,`market_value`,`id`) VALUES 
 (4819,'2005-07-25','AAPL',2.0587,NULL,NULL,NULL,14615),
 (4818,'2006-01-09','GOOG',30.9528,NULL,NULL,NULL,14614),
 (4818,'2006-01-09','MSFT',25.7808,NULL,NULL,NULL,14613),
 (4818,'2006-01-09','AAPL',43.2664,NULL,NULL,NULL,14612),
 (4818,'2005-11-28','GM',8.8920,NULL,NULL,NULL,14611),
 (4818,'2005-11-28','YHOO',4.6153,NULL,NULL,NULL,14610),
 (4818,'2005-11-28','MSFT',77.3525,NULL,NULL,NULL,14609),
 (4818,'2005-11-28','AAPL',9.1401,NULL,NULL,NULL,14608),
 (4818,'2005-10-17','INTL',9.3474,NULL,NULL,NULL,14607),
 (4818,'2005-10-17','YHOO',40.5699,NULL,NULL,NULL,14606),
 (4818,'2005-10-17','MSFT',50.0826,NULL,NULL,NULL,14605),
 (4818,'2005-09-06','AAPL',100.0000,NULL,NULL,NULL,14604),
 (4818,'2005-07-25','ADBE',97.9413,NULL,NULL,NULL,14603),
 (4818,'2005-07-25','AAPL',2.0587,NULL,NULL,NULL,14602),
 (4824,'2005-12-27','GOOG',61.3068,NULL,NULL,NULL,14667),
 (4825,'2005-08-01','ADBE',17.5010,NULL,NULL,NULL,14668),
 (4825,'2005-08-01','GM',82.4990,NULL,NULL,NULL,14669);
INSERT INTO `portfolio_items` (`pm_id`,`date`,`ticker`,`fraction`,`shares`,`book_value`,`market_value`,`id`) VALUES 
 (4825,'2005-09-26','AAPL',41.8490,NULL,NULL,NULL,14670),
 (4825,'2005-09-26','GOOG',58.1510,NULL,NULL,NULL,14671),
 (4825,'2005-11-21','AAPL',12.4645,NULL,NULL,NULL,14672),
 (4825,'2005-11-21','MSFT',81.3394,NULL,NULL,NULL,14673),
 (4825,'2005-11-21','YHOO',3.7153,NULL,NULL,NULL,14674),
 (4825,'2005-11-21','GM',2.4807,NULL,NULL,NULL,14675),
 (4826,'2005-08-01','ADBE',17.5010,NULL,NULL,NULL,14676),
 (4826,'2005-08-01','GM',82.4990,NULL,NULL,NULL,14677),
 (4826,'2005-10-03','YHOO',68.8828,NULL,NULL,NULL,14678),
 (4826,'2005-10-03','GOOG',31.1172,NULL,NULL,NULL,14679),
 (4826,'2005-12-05','AAPL',9.5021,NULL,NULL,NULL,14680),
 (4826,'2005-12-05','MSFT',88.9616,NULL,NULL,NULL,14681),
 (4826,'2005-12-05','YHOO',1.5363,NULL,NULL,NULL,14682),
 (4827,'2005-08-01','ADBE',17.5010,NULL,NULL,NULL,14683),
 (4827,'2005-08-01','GM',82.4990,NULL,NULL,NULL,14684),
 (4827,'2005-10-10','AAPL',3.7095,NULL,NULL,NULL,14685),
 (4827,'2005-10-10','INTL',27.5422,NULL,NULL,NULL,14686);
INSERT INTO `portfolio_items` (`pm_id`,`date`,`ticker`,`fraction`,`shares`,`book_value`,`market_value`,`id`) VALUES 
 (4827,'2005-10-10','GOOG',68.7483,NULL,NULL,NULL,14687),
 (4827,'2005-12-19','AAPL',37.5703,NULL,NULL,NULL,14688),
 (4827,'2005-12-19','MSFT',32.9934,NULL,NULL,NULL,14689),
 (4827,'2005-12-19','GOOG',29.4363,NULL,NULL,NULL,14690),
 (4828,'2005-08-08','AAPL',75.7203,NULL,NULL,NULL,14691),
 (4828,'2005-08-08','ADBE',24.2797,NULL,NULL,NULL,14692),
 (4828,'2005-09-19','AAPL',98.6197,NULL,NULL,NULL,14693),
 (4828,'2005-09-19','GOOG',1.3803,NULL,NULL,NULL,14694),
 (4828,'2005-10-31','AAPL',8.0617,NULL,NULL,NULL,14695),
 (4828,'2005-10-31','MSFT',26.3168,NULL,NULL,NULL,14696),
 (4828,'2005-10-31','YHOO',42.9514,NULL,NULL,NULL,14697),
 (4828,'2005-10-31','INTL',22.6701,NULL,NULL,NULL,14698),
 (4828,'2005-12-12','AAPL',9.2461,NULL,NULL,NULL,14699),
 (4828,'2005-12-12','MSFT',86.8409,NULL,NULL,NULL,14700),
 (4828,'2005-12-12','YHOO',3.9130,NULL,NULL,NULL,14701),
 (4829,'2005-08-08','AAPL',75.7203,NULL,NULL,NULL,14702),
 (4829,'2005-08-08','ADBE',24.2797,NULL,NULL,NULL,14703);
INSERT INTO `portfolio_items` (`pm_id`,`date`,`ticker`,`fraction`,`shares`,`book_value`,`market_value`,`id`) VALUES 
 (4829,'2005-09-26','AAPL',39.2081,NULL,NULL,NULL,14704),
 (4829,'2005-09-26','GOOG',60.7919,NULL,NULL,NULL,14705),
 (4829,'2005-11-14','MSFT',30.8543,NULL,NULL,NULL,14706),
 (4829,'2005-11-14','INTL',39.4442,NULL,NULL,NULL,14707),
 (4829,'2006-01-03','AAPL',21.4476,NULL,NULL,NULL,14708),
 (4829,'2006-01-03','MSFT',23.0082,NULL,NULL,NULL,14709),
 (4829,'2006-01-03','GOOG',55.5442,NULL,NULL,NULL,14710),
 (4830,'2005-08-08','AAPL',75.7203,NULL,NULL,NULL,14711),
 (4830,'2005-08-08','ADBE',24.2797,NULL,NULL,NULL,14712),
 (4830,'2005-10-03','INTL',13.5509,NULL,NULL,NULL,14713),
 (4830,'2005-10-03','GOOG',86.4491,NULL,NULL,NULL,14714),
 (4830,'2005-11-28','AAPL',14.7475,NULL,NULL,NULL,14715),
 (4830,'2005-11-28','MSFT',81.8785,NULL,NULL,NULL,14716),
 (4830,'2005-11-28','YHOO',2.9062,NULL,NULL,NULL,14717),
 (4830,'2005-11-28','GM',0.4679,NULL,NULL,NULL,14718),
 (4831,'2005-08-08','AAPL',75.7203,NULL,NULL,NULL,14719),
 (4831,'2005-08-08','ADBE',24.2797,NULL,NULL,NULL,14720);
INSERT INTO `portfolio_items` (`pm_id`,`date`,`ticker`,`fraction`,`shares`,`book_value`,`market_value`,`id`) VALUES 
 (4831,'2005-10-10','INTL',10.8827,NULL,NULL,NULL,14721),
 (4831,'2005-10-10','GOOG',89.1173,NULL,NULL,NULL,14722),
 (4831,'2005-12-12','AAPL',9.2461,NULL,NULL,NULL,14723),
 (4831,'2005-12-12','MSFT',86.8409,NULL,NULL,NULL,14724),
 (4831,'2005-12-12','YHOO',3.9130,NULL,NULL,NULL,14725),
 (4832,'2005-08-08','AAPL',75.7203,NULL,NULL,NULL,14726),
 (4832,'2005-08-08','ADBE',24.2797,NULL,NULL,NULL,14727),
 (4832,'2005-10-17','AAPL',54.6728,NULL,NULL,NULL,14728),
 (4832,'2005-10-17','YHOO',21.7007,NULL,NULL,NULL,14729),
 (4832,'2005-10-17','INTL',23.6265,NULL,NULL,NULL,14730),
 (4832,'2005-12-27','AAPL',25.0391,NULL,NULL,NULL,14731),
 (4832,'2005-12-27','MSFT',27.8316,NULL,NULL,NULL,14732),
 (4832,'2005-12-27','GOOG',47.1293,NULL,NULL,NULL,14733),
 (4833,'2005-08-15','AAPL',74.8708,NULL,NULL,NULL,14734),
 (4833,'2005-08-15','ADBE',25.1292,NULL,NULL,NULL,14735),
 (4833,'2005-09-26','AAPL',64.1028,NULL,NULL,NULL,14736),
 (4833,'2005-09-26','GOOG',35.8972,NULL,NULL,NULL,14737);
INSERT INTO `portfolio_items` (`pm_id`,`date`,`ticker`,`fraction`,`shares`,`book_value`,`market_value`,`id`) VALUES 
 (4833,'2005-11-07','AAPL',3.8112,NULL,NULL,NULL,14738),
 (4833,'2005-11-07','MSFT',22.5905,NULL,NULL,NULL,14739),
 (4833,'2005-11-07','YHOO',40.1514,NULL,NULL,NULL,14740),
 (4833,'2005-11-07','INTL',33.4469,NULL,NULL,NULL,14741),
 (4833,'2005-12-19','AAPL',37.3338,NULL,NULL,NULL,14742),
 (4833,'2005-12-19','MSFT',28.3620,NULL,NULL,NULL,14743),
 (4833,'2005-12-19','YHOO',34.3043,NULL,NULL,NULL,14744),
 (4834,'2005-08-15','AAPL',74.8708,NULL,NULL,NULL,14745),
 (4834,'2005-08-15','ADBE',25.1292,NULL,NULL,NULL,14746),
 (4834,'2005-10-03','GOOG',100.0000,NULL,NULL,NULL,14747),
 (4834,'2005-11-21','MSFT',29.8950,NULL,NULL,NULL,14748),
 (4834,'2005-11-21','INTL',31.3528,NULL,NULL,NULL,14749),
 (4834,'2006-01-09','AAPL',54.8802,NULL,NULL,NULL,14750),
 (4834,'2006-01-09','MSFT',19.4332,NULL,NULL,NULL,14751),
 (4834,'2006-01-09','GOOG',25.6866,NULL,NULL,NULL,14752),
 (4835,'2005-08-15','AAPL',74.8708,NULL,NULL,NULL,14753),
 (4835,'2005-08-15','ADBE',25.1292,NULL,NULL,NULL,14754);
INSERT INTO `portfolio_items` (`pm_id`,`date`,`ticker`,`fraction`,`shares`,`book_value`,`market_value`,`id`) VALUES 
 (4835,'2005-10-10','INTL',16.9634,NULL,NULL,NULL,14755),
 (4835,'2005-10-10','GOOG',83.0366,NULL,NULL,NULL,14756),
 (4835,'2005-12-05','AAPL',14.6513,NULL,NULL,NULL,14757),
 (4835,'2005-12-05','MSFT',85.2066,NULL,NULL,NULL,14758),
 (4835,'2005-12-05','YHOO',0.1422,NULL,NULL,NULL,14759),
 (4836,'2005-08-15','AAPL',74.8708,NULL,NULL,NULL,14760),
 (4836,'2005-08-15','ADBE',25.1292,NULL,NULL,NULL,14761),
 (4836,'2005-10-17','AAPL',48.8714,NULL,NULL,NULL,14762),
 (4836,'2005-10-17','MSFT',17.8129,NULL,NULL,NULL,14763),
 (4836,'2005-10-17','YHOO',33.3157,NULL,NULL,NULL,14764),
 (4836,'2005-12-19','AAPL',37.3338,NULL,NULL,NULL,14765),
 (4836,'2005-12-19','MSFT',28.3620,NULL,NULL,NULL,14766),
 (4836,'2005-12-19','YHOO',34.3043,NULL,NULL,NULL,14767),
 (4837,'2005-08-15','AAPL',74.8708,NULL,NULL,NULL,14768),
 (4837,'2005-08-15','ADBE',25.1292,NULL,NULL,NULL,14769),
 (4837,'2005-10-24','AAPL',18.8876,NULL,NULL,NULL,14770),
 (4837,'2005-10-24','MSFT',9.7241,NULL,NULL,NULL,14771);
INSERT INTO `portfolio_items` (`pm_id`,`date`,`ticker`,`fraction`,`shares`,`book_value`,`market_value`,`id`) VALUES 
 (4837,'2005-10-24','YHOO',45.2823,NULL,NULL,NULL,14772),
 (4837,'2005-10-24','INTL',26.1060,NULL,NULL,NULL,14773),
 (4837,'2006-01-03','AAPL',29.0857,NULL,NULL,NULL,14774),
 (4837,'2006-01-03','MSFT',32.0068,NULL,NULL,NULL,14775),
 (4837,'2006-01-03','GOOG',38.9075,NULL,NULL,NULL,14776),
 (4838,'2005-08-22','AAPL',77.2683,NULL,NULL,NULL,14777),
 (4838,'2005-08-22','ADBE',22.7317,NULL,NULL,NULL,14778),
 (4838,'2005-10-03','AAPL',9.0265,NULL,NULL,NULL,14779),
 (4838,'2005-10-03','INTL',3.0512,NULL,NULL,NULL,14780),
 (4838,'2005-10-03','GOOG',87.9224,NULL,NULL,NULL,14781),
 (4838,'2005-11-14','AAPL',15.6954,NULL,NULL,NULL,14782),
 (4838,'2005-11-14','MSFT',20.8621,NULL,NULL,NULL,14783),
 (4838,'2005-11-14','YHOO',37.8060,NULL,NULL,NULL,14784),
 (4838,'2005-11-14','INTL',25.6365,NULL,NULL,NULL,14785),
 (4838,'2005-12-27','AAPL',24.7870,NULL,NULL,NULL,14786),
 (4838,'2005-12-27','MSFT',27.2063,NULL,NULL,NULL,14787),
 (4838,'2005-12-27','GOOG',48.0067,NULL,NULL,NULL,14788);
INSERT INTO `portfolio_items` (`pm_id`,`date`,`ticker`,`fraction`,`shares`,`book_value`,`market_value`,`id`) VALUES 
 (4839,'2005-08-22','AAPL',77.2683,NULL,NULL,NULL,14789),
 (4839,'2005-08-22','ADBE',22.7317,NULL,NULL,NULL,14790),
 (4839,'2005-10-10','AAPL',4.1267,NULL,NULL,NULL,14791),
 (4839,'2005-10-10','GOOG',95.8733,NULL,NULL,NULL,14792),
 (4839,'2005-11-28','AAPL',3.8783,NULL,NULL,NULL,14793),
 (4839,'2005-11-28','MSFT',46.1674,NULL,NULL,NULL,14794),
 (4839,'2005-11-28','INTL',33.8103,NULL,NULL,NULL,14795),
 (4840,'2005-08-22','AAPL',77.2683,NULL,NULL,NULL,14796),
 (4840,'2005-08-22','ADBE',22.7317,NULL,NULL,NULL,14797),
 (4840,'2005-10-17','AAPL',91.7572,NULL,NULL,NULL,14798),
 (4840,'2005-10-17','YHOO',8.2428,NULL,NULL,NULL,14799),
 (4840,'2005-12-12','AAPL',10.8613,NULL,NULL,NULL,14800),
 (4840,'2005-12-12','MSFT',88.5349,NULL,NULL,NULL,14801),
 (4840,'2005-12-12','YHOO',0.6038,NULL,NULL,NULL,14802),
 (4841,'2005-08-22','AAPL',77.2683,NULL,NULL,NULL,14803),
 (4841,'2005-08-22','ADBE',22.7317,NULL,NULL,NULL,14804),
 (4841,'2005-10-24','AAPL',4.2301,NULL,NULL,NULL,14805);
INSERT INTO `portfolio_items` (`pm_id`,`date`,`ticker`,`fraction`,`shares`,`book_value`,`market_value`,`id`) VALUES 
 (4841,'2005-10-24','MSFT',32.6914,NULL,NULL,NULL,14806),
 (4841,'2005-10-24','YHOO',56.6422,NULL,NULL,NULL,14807),
 (4841,'2005-10-24','GOOG',6.4363,NULL,NULL,NULL,14808),
 (4841,'2005-12-27','AAPL',24.7870,NULL,NULL,NULL,14809),
 (4841,'2005-12-27','MSFT',27.2063,NULL,NULL,NULL,14810),
 (4841,'2005-12-27','GOOG',48.0067,NULL,NULL,NULL,14811),
 (4842,'2005-08-22','AAPL',77.2683,NULL,NULL,NULL,14812),
 (4842,'2005-08-22','ADBE',22.7317,NULL,NULL,NULL,14813),
 (4842,'2005-10-31','AAPL',28.9801,NULL,NULL,NULL,14814),
 (4842,'2005-10-31','YHOO',39.4467,NULL,NULL,NULL,14815),
 (4842,'2005-10-31','INTL',31.5733,NULL,NULL,NULL,14816),
 (4842,'2006-01-09','AAPL',66.2405,NULL,NULL,NULL,14817),
 (4842,'2006-01-09','MSFT',33.7595,NULL,NULL,NULL,14818);
/*!40000 ALTER TABLE `portfolio_items` ENABLE KEYS */;


--
-- Table structure for table `evolution_development`.`profiles`
--

DROP TABLE IF EXISTS `profiles`;
CREATE TABLE `profiles` (
  `ticker` varchar(10) NOT NULL default '',
  `currency` varchar(10) NOT NULL default 'USD',
  `capitalization` int(11) default '0',
  `performance` float(10,4) default '0.0000',
  `name` varchar(45) default '',
  `id` int(6) NOT NULL auto_increment,
  KEY `Index_1` (`ticker`),
  KEY `Index_2` (`id`)
) ENGINE=MyISAM DEFAULT CHARSET=latin1;

--
-- Dumping data for table `evolution_development`.`profiles`
--

/*!40000 ALTER TABLE `profiles` DISABLE KEYS */;
INSERT INTO `profiles` (`ticker`,`currency`,`capitalization`,`performance`,`name`,`id`) VALUES 
 ('IBM','USD',0,0.0000,'',34),
 ('AAPL','USD',0,0.0000,'',38),
 ('MSFT','USD',0,0.0000,'',39),
 ('PIXR','USD',0,0.0000,'',40),
 ('YHOO','USD',0,0.0000,'',41),
 ('TM','USD',0,0.0000,'',42),
 ('ADBE','USD',0,0.0000,'',43),
 ('DELL','USD',0,0.0000,'',44),
 ('INTL','USD',0,0.0000,'',45),
 ('GOOG','USD',0,0.0000,'',46);
/*!40000 ALTER TABLE `profiles` ENABLE KEYS */;


--
-- Table structure for table `evolution_development`.`quotes`
--

DROP TABLE IF EXISTS `quotes`;
CREATE TABLE `quotes` (
  `date` date NOT NULL default '0000-00-00',
  `open` decimal(10,2) default NULL,
  `high` decimal(10,2) default NULL,
  `low` decimal(10,2) default NULL,
  `close` decimal(10,2) default NULL,
  `volume` int(20) default NULL,
  `adjusted_close` decimal(10,2) default '0.00',
  `rate_of_return` float(10,6) default NULL,
  `ticker` varchar(10) NOT NULL default '',
  `id` int(20) NOT NULL auto_increment,
  `profile_id` int(6) unsigned NOT NULL default '0',
  PRIMARY KEY  (`id`),
  KEY `Index_2` (`ticker`,`date`),
  KEY `Index_3` (`profile_id`),
  KEY `Index_4` (`date`),
  KEY `Index_5` (`ticker`)
) ENGINE=MEMORY DEFAULT CHARSET=latin1 COMMENT='temporal raw data; InnoDB free: 9216 kB; InnoDB free: 10240 ';

--
-- Dumping data for table `evolution_development`.`quotes`
--

/*!40000 ALTER TABLE `quotes` DISABLE KEYS */;
INSERT INTO `quotes` (`date`,`open`,`high`,`low`,`close`,`volume`,`adjusted_close`,`rate_of_return`,`ticker`,`id`,`profile_id`) VALUES 
 ('2005-06-20','276.09','298.00','271.73','297.25',15691720,'297.25',0.060471,'GOOG',3993,46),
 ('2005-06-27','298.90','309.25','289.22','291.25',15892020,'291.25',-0.020185,'GOOG',3992,46),
 ('2005-07-05','292.10','297.60','288.51','296.23',8406000,'296.23',0.017099,'GOOG',3991,46),
 ('2005-07-11','296.40','306.75','290.93','301.19',8959840,'301.19',0.016744,'GOOG',3990,46),
 ('2005-07-18','300.00','317.80','296.33','302.40',15263160,'302.40',0.004017,'GOOG',3989,46),
 ('2005-07-25','302.39','303.29','286.99','287.76',8196500,'287.76',-0.048413,'GOOG',3988,46),
 ('2005-08-01','288.12','299.72','288.10','292.35',6011880,'292.35',0.015951,'GOOG',3987,46),
 ('2005-08-08','293.60','295.65','280.62','289.72',6248180,'289.72',-0.008996,'GOOG',3986,46),
 ('2005-08-15','289.80','292.77','275.00','280.00',7316580,'280.00',-0.033550,'GOOG',3985,46),
 ('2005-08-22','281.24','285.02','273.35','283.58',5871940,'283.58',0.012786,'GOOG',3984,46),
 ('2005-08-29','282.24','289.99','282.24','288.45',4381120,'288.45',0.017173,'GOOG',3983,46);
INSERT INTO `quotes` (`date`,`open`,`high`,`low`,`close`,`volume`,`adjusted_close`,`rate_of_return`,`ticker`,`id`,`profile_id`) VALUES 
 ('2005-09-06','289.00','299.28','285.28','299.09',5678900,'299.09',0.036887,'GOOG',3982,46),
 ('2005-09-12','301.75','315.53','297.91','300.20',11001640,'300.20',0.003711,'GOOG',3981,46),
 ('2005-09-19','301.00','319.22','300.71','315.36',9344560,'315.36',0.050500,'GOOG',3980,46),
 ('2005-09-26','319.50','320.95','305.60','316.46',7906000,'316.46',0.003488,'GOOG',3979,46),
 ('2005-10-03','313.63','321.28','308.00','312.99',8279420,'312.99',-0.010965,'GOOG',3978,46),
 ('2005-10-10','313.31','314.82','290.68','296.14',8501560,'296.14',-0.053836,'GOOG',3977,46),
 ('2005-10-17','297.50','346.43','294.56','339.90',11691860,'339.90',0.147768,'GOOG',3976,46),
 ('2005-10-24','343.37','358.95','342.19','358.17',7251080,'358.17',0.053751,'GOOG',3975,46),
 ('2005-10-31','360.24','391.79','359.51','390.43',11507540,'390.43',0.090069,'GOOG',3974,46),
 ('2005-11-07','395.10','397.47','377.43','390.40',8829700,'390.40',-0.000077,'GOOG',3973,46),
 ('2005-11-14','392.12','404.50','390.95','400.21',8273180,'400.21',0.025128,'GOOG',3972,46);
INSERT INTO `quotes` (`date`,`open`,`high`,`low`,`close`,`volume`,`adjusted_close`,`rate_of_return`,`ticker`,`id`,`profile_id`) VALUES 
 ('2005-11-21','399.17','428.75','393.49','428.62',8714050,'428.62',0.070988,'GOOG',3971,46),
 ('2005-11-28','429.82','431.24','395.56','417.70',13077840,'417.70',-0.025477,'GOOG',3970,46),
 ('2005-12-05','417.00','417.50','399.01','409.20',10724700,'409.20',-0.020350,'GOOG',3969,46),
 ('2005-12-12','414.63','432.50','409.95','430.15',8822760,'430.15',0.051197,'GOOG',3968,46),
 ('2005-12-19','432.20','446.21','420.11','430.93',11077020,'430.93',0.001813,'GOOG',3967,46),
 ('2005-12-27','431.86','431.86','413.74','414.86',7088400,'414.86',-0.037291,'GOOG',3966,46),
 ('2006-01-03','422.52','470.50','418.22','465.66',14243200,'465.66',0.122451,'GOOG',3965,46),
 ('2006-01-09','466.41','475.11','460.94','466.25',9735660,'466.25',0.001267,'GOOG',3964,46),
 ('2005-06-20','18.32','18.44','17.27','17.65',339080,'17.43',-0.037548,'INTL',3962,45),
 ('2005-06-27','17.65','18.86','17.39','18.86',312420,'18.71',0.073437,'INTL',3961,45),
 ('2005-07-05','18.72','19.05','18.49','18.83',268650,'18.68',-0.001603,'INTL',3960,45);
INSERT INTO `quotes` (`date`,`open`,`high`,`low`,`close`,`volume`,`adjusted_close`,`rate_of_return`,`ticker`,`id`,`profile_id`) VALUES 
 ('2005-07-11','18.88','20.28','18.74','19.92',288500,'19.76',0.057816,'INTL',3959,45),
 ('2005-07-18','19.89','21.10','19.83','21.05',276880,'20.88',0.056680,'INTL',3958,45),
 ('2005-07-25','21.12','25.34','20.97','24.90',594680,'24.70',0.182950,'INTL',3957,45),
 ('2005-08-01','24.90','25.19','22.51','22.71',347480,'22.53',-0.087854,'INTL',3956,45),
 ('2005-08-08','22.80','23.00','21.61','22.44',223020,'22.26',-0.011984,'INTL',3955,45),
 ('2005-08-15','22.35','22.94','21.80','22.33',130400,'22.15',-0.004942,'INTL',3954,45),
 ('2005-08-22','22.30','22.64','21.84','22.10',141840,'21.93',-0.009932,'INTL',3953,45),
 ('2005-08-29','22.00','22.19','21.72','22.13',116620,'21.96',0.001368,'INTL',3952,45),
 ('2005-09-06','22.11','22.45','21.37','21.65',166700,'21.48',-0.021858,'INTL',3951,45),
 ('2005-09-12','21.60','22.25','20.50','20.60',196980,'20.44',-0.048417,'INTL',3950,45),
 ('2005-09-19','20.55','21.02','20.00','20.64',187260,'20.48',0.001957,'INTL',3949,45);
INSERT INTO `quotes` (`date`,`open`,`high`,`low`,`close`,`volume`,`adjusted_close`,`rate_of_return`,`ticker`,`id`,`profile_id`) VALUES 
 ('2005-09-26','20.79','21.41','20.63','21.00',160480,'20.91',0.020996,'INTL',3948,45),
 ('2005-10-03','20.10','20.44','18.77','18.89',320580,'18.81',-0.100430,'INTL',3947,45),
 ('2005-10-10','19.05','19.27','18.15','18.84',281260,'18.76',-0.002658,'INTL',3946,45),
 ('2005-10-17','18.93','19.38','18.50','18.60',201140,'18.52',-0.012793,'INTL',3945,45),
 ('2005-10-24','18.66','18.90','18.12','18.41',308480,'18.33',-0.010259,'INTL',3944,45),
 ('2005-10-31','18.46','20.09','18.18','19.77',186600,'19.69',0.074195,'INTL',3943,45),
 ('2005-11-07','19.72','20.00','19.32','19.82',139580,'19.74',0.002539,'INTL',3942,45),
 ('2005-11-14','19.89','20.93','19.45','20.56',147160,'20.48',0.037487,'INTL',3941,45),
 ('2005-11-21','20.51','21.01','20.40','20.75',117000,'20.67',0.009277,'INTL',3940,45),
 ('2005-11-28','20.63','21.00','20.05','20.78',122260,'20.70',0.001451,'INTL',3939,45),
 ('2005-12-05','20.89','20.91','19.92','20.37',110860,'20.29',-0.019807,'INTL',3938,45);
INSERT INTO `quotes` (`date`,`open`,`high`,`low`,`close`,`volume`,`adjusted_close`,`rate_of_return`,`ticker`,`id`,`profile_id`) VALUES 
 ('2005-12-12','20.31','20.59','19.55','19.62',168160,'19.54',-0.036964,'INTL',3937,45),
 ('2005-12-19','19.74','20.24','19.50','20.11',133520,'20.03',0.025077,'INTL',3936,45),
 ('2005-12-27','20.05','20.39','19.51','19.57',98275,'19.57',-0.022966,'INTL',3935,45),
 ('2006-01-03','19.50','20.45','19.03','20.42',114300,'20.42',0.043434,'INTL',3934,45),
 ('2006-01-09','20.37','22.05','20.37','21.42',188660,'21.42',0.048972,'INTL',3933,45),
 ('2005-06-20','35.68','36.42','33.55','34.08',6324840,'32.98',-0.044889,'GM',3931,44),
 ('2005-06-27','33.75','35.25','33.39','34.65',5263060,'33.53',0.016677,'GM',3930,44),
 ('2005-07-05','34.51','35.00','33.63','34.68',4260300,'33.56',0.000895,'GM',3929,44),
 ('2005-07-11','34.98','37.04','34.71','36.74',6055140,'35.56',0.059595,'GM',3928,44),
 ('2005-07-18','36.80','37.70','35.31','36.25',6861320,'35.08',-0.013498,'GM',3927,44),
 ('2005-07-25','36.48','37.57','35.81','36.82',5272360,'35.63',0.015678,'GM',3926,44);
INSERT INTO `quotes` (`date`,`open`,`high`,`low`,`close`,`volume`,`adjusted_close`,`rate_of_return`,`ticker`,`id`,`profile_id`) VALUES 
 ('2005-08-01','36.93','37.34','35.10','35.19',4484400,'34.06',-0.044064,'GM',3925,44),
 ('2005-08-08','35.20','35.70','34.50','34.55',5031460,'33.92',-0.004110,'GM',3924,44),
 ('2005-08-15','34.55','34.89','33.24','33.51',3109980,'32.90',-0.030071,'GM',3923,44),
 ('2005-08-22','33.51','35.02','33.36','34.14',4249960,'33.51',0.018541,'GM',3922,44),
 ('2005-08-29','34.04','34.58','32.59','32.91',9584980,'32.31',-0.035810,'GM',3921,44),
 ('2005-09-06','32.92','33.22','32.40','32.44',5211600,'31.84',-0.014547,'GM',3920,44),
 ('2005-09-12','32.44','32.90','32.30','32.48',5607960,'31.88',0.001256,'GM',3919,44),
 ('2005-09-19','32.30','32.36','30.37','31.07',8797880,'30.50',-0.043287,'GM',3918,44),
 ('2005-09-26','31.07','31.54','30.21','30.61',5265520,'30.05',-0.014754,'GM',3917,44),
 ('2005-10-03','30.36','31.50','27.88','28.29',8342960,'27.77',-0.075874,'GM',3916,44),
 ('2005-10-10','27.34','28.30','25.48','27.98',24509220,'27.47',-0.010803,'GM',3915,44);
INSERT INTO `quotes` (`date`,`open`,`high`,`low`,`close`,`volume`,`adjusted_close`,`rate_of_return`,`ticker`,`id`,`profile_id`) VALUES 
 ('2005-10-17','31.39','31.50','27.88','28.26',16991860,'27.74',0.009829,'GM',3914,44),
 ('2005-10-24','28.26','29.68','26.95','27.26',8946500,'26.76',-0.035328,'GM',3913,44),
 ('2005-10-31','27.49','28.22','26.28','26.77',7561520,'26.28',-0.017937,'GM',3912,44),
 ('2005-11-07','27.11','27.44','22.74','24.48',16412640,'24.48',-0.068493,'GM',3911,44),
 ('2005-11-14','24.47','24.49','20.60','24.05',27788760,'24.05',-0.017565,'GM',3910,44),
 ('2005-11-21','24.86','24.95','22.50','22.86',14451700,'22.86',-0.049480,'GM',3909,44),
 ('2005-11-28','23.46','23.50','21.80','22.08',12351880,'22.08',-0.034121,'GM',3908,44),
 ('2005-12-05','22.10','23.41','21.46','22.92',16784080,'22.92',0.038043,'GM',3907,44),
 ('2005-12-12','22.85','23.22','21.66','21.89',11103460,'21.89',-0.044939,'GM',3906,44),
 ('2005-12-19','21.90','21.95','18.40','18.83',30653660,'18.83',-0.139790,'GM',3905,44),
 ('2005-12-27','18.95','19.60','18.33','19.42',17150250,'19.42',0.031333,'GM',3904,44);
INSERT INTO `quotes` (`date`,`open`,`high`,`low`,`close`,`volume`,`adjusted_close`,`rate_of_return`,`ticker`,`id`,`profile_id`) VALUES 
 ('2006-01-03','19.12','20.99','18.47','20.80',21571300,'20.80',0.071061,'GM',3903,44),
 ('2006-01-09','21.68','22.78','20.35','20.37',22086720,'20.37',-0.020673,'GM',3902,44),
 ('2005-06-20','31.11','31.59','29.18','29.24',5788200,'29.24',-0.067007,'ADBE',3900,43),
 ('2005-06-27','29.33','29.40','28.25','28.45',5712340,'28.45',-0.027018,'ADBE',3899,43),
 ('2005-07-05','28.34','28.69','26.25','27.93',9419400,'27.93',-0.018278,'ADBE',3898,43),
 ('2005-07-11','27.75','29.47','27.43','28.90',6409120,'28.90',0.034730,'ADBE',3897,43),
 ('2005-07-18','28.76','29.80','28.37','29.78',5025640,'29.78',0.030450,'ADBE',3896,43),
 ('2005-07-25','29.80','30.40','29.35','29.64',4822080,'29.64',-0.004701,'ADBE',3895,43),
 ('2005-08-01','29.53','29.83','26.83','27.10',8781500,'27.10',-0.085695,'ADBE',3894,43),
 ('2005-08-08','27.21','27.25','25.80','26.84',6458240,'26.84',-0.009594,'ADBE',3893,43),
 ('2005-08-15','26.88','27.08','26.01','26.16',5005680,'26.16',-0.025335,'ADBE',3892,43);
INSERT INTO `quotes` (`date`,`open`,`high`,`low`,`close`,`volume`,`adjusted_close`,`rate_of_return`,`ticker`,`id`,`profile_id`) VALUES 
 ('2005-08-22','26.20','28.23','26.00','27.53',5601760,'27.53',0.052370,'ADBE',3891,43),
 ('2005-08-29','27.27','27.44','26.54','26.64',3581980,'26.64',-0.032328,'ADBE',3890,43),
 ('2005-09-06','26.75','28.10','26.70','27.30',3719575,'27.30',0.024775,'ADBE',3889,43),
 ('2005-09-12','27.40','29.58','26.67','29.43',8839360,'29.43',0.078022,'ADBE',3888,43),
 ('2005-09-19','29.27','29.27','27.16','28.08',4877700,'28.08',-0.045872,'ADBE',3887,43),
 ('2005-09-26','28.22','29.99','27.91','29.85',5329960,'29.85',0.063034,'ADBE',3886,43),
 ('2005-10-03','29.55','30.66','28.59','29.15',6118980,'29.15',-0.023451,'ADBE',3885,43),
 ('2005-10-10','29.04','30.03','27.86','29.94',5839080,'29.94',0.027101,'ADBE',3884,43),
 ('2005-10-17','29.94','31.28','29.66','31.21',6704940,'31.21',0.042418,'ADBE',3883,43),
 ('2005-10-24','31.01','33.64','30.94','32.31',8905180,'32.31',0.035245,'ADBE',3882,43),
 ('2005-10-31','32.17','33.20','31.80','32.45',5431920,'32.45',0.004333,'ADBE',3881,43);
INSERT INTO `quotes` (`date`,`open`,`high`,`low`,`close`,`volume`,`adjusted_close`,`rate_of_return`,`ticker`,`id`,`profile_id`) VALUES 
 ('2005-11-07','32.59','33.10','31.95','32.91',3304500,'32.91',0.014176,'ADBE',3880,43),
 ('2005-11-14','32.81','34.24','32.69','33.50',4725440,'33.50',0.017928,'ADBE',3879,43),
 ('2005-11-21','33.64','33.98','32.89','33.91',3296400,'33.91',0.012239,'ADBE',3878,43),
 ('2005-11-28','33.73','35.68','32.09','34.97',7935720,'34.97',0.031259,'ADBE',3877,43),
 ('2005-12-05','34.60','37.25','34.49','35.60',12120980,'35.60',0.018015,'ADBE',3876,43),
 ('2005-12-12','35.69','39.34','33.75','38.82',12544960,'38.82',0.090449,'ADBE',3875,43),
 ('2005-12-19','38.51','39.11','36.91','37.11',6604320,'37.11',-0.044049,'ADBE',3874,43),
 ('2005-12-27','37.45','37.65','36.60','36.96',2966250,'36.96',-0.004042,'ADBE',3873,43),
 ('2006-01-03','37.20','39.02','36.13','39.00',8635525,'39.00',0.055195,'ADBE',3872,43),
 ('2006-01-09','39.05','39.97','37.87','38.84',6226420,'38.84',-0.004103,'ADBE',3871,43),
 ('2005-06-20','72.29','73.09','71.50','71.70',270540,'71.12',-0.015368,'TM',3869,42);
INSERT INTO `quotes` (`date`,`open`,`high`,`low`,`close`,`volume`,`adjusted_close`,`rate_of_return`,`ticker`,`id`,`profile_id`) VALUES 
 ('2005-06-27','71.22','72.45','70.98','72.15',318240,'71.57',0.006327,'TM',3868,42),
 ('2005-07-05','72.63','74.13','72.47','73.59',273275,'72.99',0.019841,'TM',3867,42),
 ('2005-07-11','73.59','75.00','73.59','74.99',331580,'74.38',0.019044,'TM',3866,42),
 ('2005-07-18','75.05','76.06','73.83','75.53',305140,'74.92',0.007260,'TM',3865,42),
 ('2005-07-25','74.83','76.30','74.02','75.86',245600,'75.25',0.004405,'TM',3864,42),
 ('2005-08-01','76.60','76.95','74.79','75.08',360500,'74.47',-0.010365,'TM',3863,42),
 ('2005-08-08','75.45','80.25','74.86','80.00',336880,'79.35',0.065530,'TM',3862,42),
 ('2005-08-15','79.20','79.89','78.56','79.20',207460,'78.56',-0.009956,'TM',3861,42),
 ('2005-08-22','80.68','82.84','80.65','82.00',318100,'81.34',0.035387,'TM',3860,42),
 ('2005-08-29','78.60','82.26','78.60','82.06',241500,'81.39',0.000615,'TM',3859,42),
 ('2005-09-06','83.00','85.20','83.00','85.15',362475,'84.46',0.037720,'TM',3858,42),
 ('2005-09-12','85.20','86.94','84.97','86.75',326840,'86.05',0.018825,'TM',3857,42);
INSERT INTO `quotes` (`date`,`open`,`high`,`low`,`close`,`volume`,`adjusted_close`,`rate_of_return`,`ticker`,`id`,`profile_id`) VALUES 
 ('2005-09-19','86.75','88.04','85.66','86.64',413660,'85.94',-0.001278,'TM',3856,42),
 ('2005-09-26','89.00','94.33','87.20','92.37',460080,'92.37',0.074820,'TM',3855,42),
 ('2005-10-03','92.94','93.50','87.00','90.58',384880,'90.58',-0.019379,'TM',3854,42),
 ('2005-10-10','90.76','92.38','89.26','92.11',345600,'92.11',0.016891,'TM',3853,42),
 ('2005-10-17','92.15','92.68','86.04','87.29',517840,'87.29',-0.052329,'TM',3852,42),
 ('2005-10-24','87.70','91.37','87.62','91.25',271840,'91.25',0.045366,'TM',3851,42),
 ('2005-10-31','92.22','93.83','91.51','92.25',299560,'92.25',0.010959,'TM',3850,42),
 ('2005-11-07','91.45','92.00','90.34','91.02',333500,'91.02',-0.013333,'TM',3849,42),
 ('2005-11-14','90.09','98.88','89.80','98.66',356520,'98.66',0.083938,'TM',3848,42),
 ('2005-11-21','99.30','100.80','98.08','98.28',456950,'98.28',-0.003852,'TM',3847,42),
 ('2005-11-28','99.72','100.77','96.75','97.82',466720,'97.82',-0.004681,'TM',3846,42);
INSERT INTO `quotes` (`date`,`open`,`high`,`low`,`close`,`volume`,`adjusted_close`,`rate_of_return`,`ticker`,`id`,`profile_id`) VALUES 
 ('2005-12-05','97.83','98.12','96.05','96.95',362000,'96.95',-0.008894,'TM',3845,42),
 ('2005-12-12','96.99','98.91','96.86','98.28',364920,'98.28',0.013718,'TM',3844,42),
 ('2005-12-19','98.75','103.68','98.23','103.68',494840,'103.68',0.054945,'TM',3843,42),
 ('2005-12-27','101.68','104.90','101.13','104.62',629025,'104.62',0.009066,'TM',3842,42),
 ('2006-01-03','105.80','107.36','105.01','107.28',504575,'107.28',0.025425,'TM',3841,42),
 ('2006-01-09','107.68','108.25','103.83','104.28',571920,'104.28',-0.027964,'TM',3840,42),
 ('2005-06-20','35.96','37.32','35.60','36.09',14027280,'36.09',-0.005785,'YHOO',3838,41),
 ('2005-06-27','35.88','36.24','34.22','34.44',13686780,'34.44',-0.045719,'YHOO',3837,41),
 ('2005-07-05','34.25','35.08','33.72','34.62',15385525,'34.62',0.005226,'YHOO',3836,41),
 ('2005-07-11','34.90','37.50','34.78','36.58',16778140,'36.58',0.056615,'YHOO',3835,41),
 ('2005-07-18','36.45','38.02','32.75','33.53',38333619,'33.53',-0.083379,'YHOO',3834,41);
INSERT INTO `quotes` (`date`,`open`,`high`,`low`,`close`,`volume`,`adjusted_close`,`rate_of_return`,`ticker`,`id`,`profile_id`) VALUES 
 ('2005-07-25','33.88','34.37','33.34','33.34',17735400,'33.34',-0.005667,'YHOO',3833,41),
 ('2005-08-01','33.63','34.68','33.31','33.52',14295360,'33.52',0.005399,'YHOO',3832,41),
 ('2005-08-08','33.86','35.00','33.66','34.60',15359900,'34.60',0.032220,'YHOO',3831,41),
 ('2005-08-15','34.80','34.87','33.98','34.00',11703980,'34.00',-0.017341,'YHOO',3830,41),
 ('2005-08-22','34.07','34.10','32.65','33.57',16722980,'33.57',-0.012647,'YHOO',3829,41),
 ('2005-08-29','33.40','33.78','32.99','33.17',11331320,'33.17',-0.011915,'YHOO',3828,41),
 ('2005-09-06','33.18','34.26','33.02','33.46',14442725,'33.46',0.008743,'YHOO',3827,41),
 ('2005-09-12','33.42','34.71','33.05','33.17',16841480,'33.17',-0.008667,'YHOO',3826,41),
 ('2005-09-19','33.27','33.47','31.60','32.13',17013580,'32.13',-0.031354,'YHOO',3825,41),
 ('2005-09-26','32.48','34.10','31.99','33.84',15064800,'33.84',0.053221,'YHOO',3824,41),
 ('2005-10-03','33.80','34.37','33.36','34.16',15249360,'34.16',0.009456,'YHOO',3823,41);
INSERT INTO `quotes` (`date`,`open`,`high`,`low`,`close`,`volume`,`adjusted_close`,`rate_of_return`,`ticker`,`id`,`profile_id`) VALUES 
 ('2005-10-10','34.20','34.90','32.77','33.52',16300380,'33.52',-0.018735,'YHOO',3822,41),
 ('2005-10-17','33.85','36.94','33.64','35.29',35589860,'35.29',0.052804,'YHOO',3821,41),
 ('2005-10-24','35.30','35.92','34.89','35.58',15377480,'35.58',0.008218,'YHOO',3820,41),
 ('2005-10-31','35.60','38.71','35.60','37.87',22644460,'37.87',0.064362,'YHOO',3819,41),
 ('2005-11-07','37.69','39.05','37.41','38.49',12852300,'38.49',0.016372,'YHOO',3818,41),
 ('2005-11-14','38.43','42.50','37.54','41.54',27420460,'41.54',0.079241,'YHOO',3817,41),
 ('2005-11-21','41.26','43.45','41.21','42.13',21007250,'42.13',0.014203,'YHOO',3816,41),
 ('2005-11-28','41.63','41.85','39.09','41.21',23595760,'41.21',-0.021837,'YHOO',3815,41),
 ('2005-12-05','40.88','41.18','39.57','40.31',14271940,'40.31',-0.021839,'YHOO',3814,41),
 ('2005-12-12','40.41','42.67','39.81','42.32',18556200,'42.32',0.049864,'YHOO',3813,41),
 ('2005-12-19','42.16','42.89','40.35','40.63',12015720,'40.63',-0.039934,'YHOO',3812,41);
INSERT INTO `quotes` (`date`,`open`,`high`,`low`,`close`,`volume`,`adjusted_close`,`rate_of_return`,`ticker`,`id`,`profile_id`) VALUES 
 ('2005-12-27','40.65','40.94','39.05','39.18',11397600,'39.18',-0.035688,'YHOO',3811,41),
 ('2006-01-03','39.69','43.57','38.79','43.21',21756050,'43.21',0.102859,'YHOO',3810,41),
 ('2006-01-09','43.10','43.66','39.62','39.90',21725600,'39.90',-0.076603,'YHOO',3809,41),
 ('2005-06-20','52.68','53.09','49.80','50.06',792320,'50.06',-0.053865,'PIXR',3807,40),
 ('2005-06-27','50.35','51.84','42.68','43.06',2714460,'43.06',-0.139832,'PIXR',3806,40),
 ('2005-07-05','43.30','44.01','41.87','43.00',1656325,'43.00',-0.001393,'PIXR',3805,40),
 ('2005-07-11','41.95','43.63','41.37','43.52',1457420,'43.52',0.012093,'PIXR',3804,40),
 ('2005-07-18','43.65','44.62','43.00','43.72',912580,'43.72',0.004596,'PIXR',3803,40),
 ('2005-07-25','43.93','44.02','42.95','43.01',955440,'43.01',-0.016240,'PIXR',3802,40),
 ('2005-08-01','43.00','45.10','40.88','44.58',1859040,'44.58',0.036503,'PIXR',3801,40),
 ('2005-08-08','44.55','44.79','42.71','43.15',1031840,'43.15',-0.032077,'PIXR',3800,40);
INSERT INTO `quotes` (`date`,`open`,`high`,`low`,`close`,`volume`,`adjusted_close`,`rate_of_return`,`ticker`,`id`,`profile_id`) VALUES 
 ('2005-08-15','43.75','44.60','42.77','43.49',619240,'43.49',0.007879,'PIXR',3799,40),
 ('2005-08-22','43.38','43.84','41.90','41.99',792060,'41.99',-0.034491,'PIXR',3798,40),
 ('2005-08-29','42.12','44.62','41.61','43.25',1076520,'43.25',0.030007,'PIXR',3797,40),
 ('2005-09-06','43.43','45.98','43.28','45.02',1018975,'45.02',0.040925,'PIXR',3796,40),
 ('2005-09-12','45.15','45.40','41.89','42.79',728860,'42.79',-0.049534,'PIXR',3795,40),
 ('2005-09-19','42.76','43.38','40.80','41.93',800440,'41.93',-0.020098,'PIXR',3794,40),
 ('2005-09-26','42.00','44.65','41.76','44.51',739820,'44.51',0.061531,'PIXR',3793,40),
 ('2005-10-03','44.64','48.37','44.28','48.26',1265680,'48.26',0.084251,'PIXR',3792,40),
 ('2005-10-10','48.20','51.00','46.40','49.82',1610600,'49.82',0.032325,'PIXR',3791,40),
 ('2005-10-17','49.25','49.47','46.61','49.05',1194360,'49.05',-0.015456,'PIXR',3790,40),
 ('2005-10-24','48.93','50.33','48.52','49.66',582820,'49.66',0.012436,'PIXR',3789,40);
INSERT INTO `quotes` (`date`,`open`,`high`,`low`,`close`,`volume`,`adjusted_close`,`rate_of_return`,`ticker`,`id`,`profile_id`) VALUES 
 ('2005-10-31','49.51','54.45','49.51','54.11',1061560,'54.11',0.089609,'PIXR',3788,40),
 ('2005-11-07','53.15','57.66','50.78','57.03',2614900,'57.03',0.053964,'PIXR',3787,40),
 ('2005-11-14','57.15','58.23','55.52','56.99',1019880,'56.99',-0.000701,'PIXR',3786,40),
 ('2005-11-21','57.07','57.07','54.82','56.38',712475,'56.38',-0.010704,'PIXR',3785,40),
 ('2005-11-28','56.10','57.55','55.34','56.54',608240,'56.54',0.002838,'PIXR',3784,40),
 ('2005-12-05','55.96','56.52','53.42','53.89',744180,'53.89',-0.046869,'PIXR',3783,40),
 ('2005-12-12','54.26','56.00','52.70','53.39',940800,'53.39',-0.009278,'PIXR',3782,40),
 ('2005-12-19','53.50','53.74','51.59','52.73',540520,'52.73',-0.012362,'PIXR',3781,40),
 ('2005-12-27','52.90','53.47','52.14','52.72',378925,'52.72',-0.000190,'PIXR',3780,40),
 ('2006-01-03','53.11','58.84','52.44','57.14',1945700,'57.14',0.083839,'PIXR',3779,40),
 ('2006-01-09','56.96','57.78','55.61','56.15',694180,'56.15',-0.017326,'PIXR',3778,40);
INSERT INTO `quotes` (`date`,`open`,`high`,`low`,`close`,`volume`,`adjusted_close`,`rate_of_return`,`ticker`,`id`,`profile_id`) VALUES 
 ('2005-06-20','24.98','25.62','24.93','25.04',71049220,'24.89',0.000000,'MSFT',3776,39),
 ('2005-06-27','25.07','25.32','24.67','24.71',64458160,'24.56',-0.013258,'MSFT',3775,39),
 ('2005-07-05','24.66','25.19','24.50','25.09',65571249,'24.94',0.015472,'MSFT',3774,39),
 ('2005-07-11','25.15','26.10','25.11','25.79',59127800,'25.64',0.028067,'MSFT',3773,39),
 ('2005-07-18','25.71','26.48','25.55','25.68',86974777,'25.53',-0.004290,'MSFT',3772,39),
 ('2005-07-25','25.69','26.00','25.53','25.61',51778280,'25.46',-0.002742,'MSFT',3771,39),
 ('2005-08-01','25.81','27.94','25.76','27.76',102390619,'27.60',0.084053,'MSFT',3770,39),
 ('2005-08-08','27.80','27.84','26.85','27.05',61088220,'26.89',-0.025725,'MSFT',3769,39),
 ('2005-08-15','26.98','27.30','26.66','26.72',44437940,'26.64',-0.009297,'MSFT',3768,39),
 ('2005-08-22','26.79','27.17','26.74','26.97',45942860,'26.89',0.009384,'MSFT',3767,39),
 ('2005-08-29','26.81','27.44','26.81','27.02',60140619,'26.94',0.001859,'MSFT',3766,39);
INSERT INTO `quotes` (`date`,`open`,`high`,`low`,`close`,`volume`,`adjusted_close`,`rate_of_return`,`ticker`,`id`,`profile_id`) VALUES 
 ('2005-09-06','27.06','27.29','26.52','26.58',46203300,'26.50',-0.016333,'MSFT',3765,39),
 ('2005-09-12','26.62','26.76','25.97','26.07',81336900,'25.99',-0.019245,'MSFT',3764,39),
 ('2005-09-19','26.09','26.27','25.12','25.27',65773839,'25.20',-0.030396,'MSFT',3763,39),
 ('2005-09-26','25.40','26.00','25.21','25.73',60094520,'25.65',0.017857,'MSFT',3762,39),
 ('2005-10-03','25.71','25.73','24.52','24.59',82637121,'24.52',-0.044055,'MSFT',3761,39),
 ('2005-10-10','24.67','24.73','24.25','24.67',64156259,'24.60',0.003263,'MSFT',3760,39),
 ('2005-10-17','24.68','25.13','24.44','24.78',62217780,'24.71',0.004472,'MSFT',3759,39),
 ('2005-10-24','24.89','25.60','24.68','25.53',63896399,'25.46',0.030352,'MSFT',3758,39),
 ('2005-10-31','25.61','26.71','25.50','26.66',70489040,'26.58',0.043991,'MSFT',3757,39),
 ('2005-11-07','26.72','27.39','26.64','27.28',64403800,'27.20',0.023326,'MSFT',3756,39),
 ('2005-11-14','27.36','28.25','27.20','28.07',77058499,'28.07',0.031985,'MSFT',3755,39);
INSERT INTO `quotes` (`date`,`open`,`high`,`low`,`close`,`volume`,`adjusted_close`,`rate_of_return`,`ticker`,`id`,`profile_id`) VALUES 
 ('2005-11-21','28.07','28.24','27.47','27.76',71167873,'27.76',-0.011044,'MSFT',3754,39),
 ('2005-11-28','27.79','28.10','27.53','28.01',55793600,'28.01',0.009006,'MSFT',3753,39),
 ('2005-12-05','27.93','28.02','27.55','27.71',56295820,'27.71',-0.010710,'MSFT',3752,39),
 ('2005-12-12','27.70','27.75','26.81','26.90',80135899,'26.90',-0.029231,'MSFT',3751,39),
 ('2005-12-19','26.82','26.91','26.42','26.64',65881537,'26.64',-0.009665,'MSFT',3750,39),
 ('2005-12-27','26.68','26.85','26.10','26.15',39200875,'26.15',-0.018393,'MSFT',3749,39),
 ('2006-01-03','26.25','27.13','26.10','26.91',71789275,'26.91',0.029063,'MSFT',3748,39),
 ('2006-01-09','26.93','27.39','26.59','27.19',55616080,'27.19',0.010405,'MSFT',3747,39),
 ('2005-06-20','37.85','39.78','37.38','37.76',15743800,'37.76',-0.014357,'AAPL',3745,38),
 ('2005-06-27','36.84','38.10','36.12','36.50',14765860,'36.50',-0.033369,'AAPL',3744,38),
 ('2005-07-05','36.55','38.28','36.50','38.25',13601375,'38.25',0.047945,'AAPL',3743,38);
INSERT INTO `quotes` (`date`,`open`,`high`,`low`,`close`,`volume`,`adjusted_close`,`rate_of_return`,`ticker`,`id`,`profile_id`) VALUES 
 ('2005-07-11','38.37','42.01','37.78','41.55',30317179,'41.55',0.086275,'AAPL',3742,38),
 ('2005-07-18','41.41','44.04','41.07','44.00',17258040,'44.00',0.058965,'AAPL',3741,38),
 ('2005-07-25','43.99','44.38','42.26','42.65',11859720,'42.65',-0.030682,'AAPL',3740,38),
 ('2005-08-01','42.57','43.50','42.02','42.99',9862020,'42.99',0.007972,'AAPL',3739,38),
 ('2005-08-08','43.00','46.22','42.61','46.10',15044200,'46.10',0.072342,'AAPL',3738,38),
 ('2005-08-15','46.48','48.33','45.75','45.83',21022880,'45.83',-0.005857,'AAPL',3737,38),
 ('2005-08-22','46.15','47.12','45.26','45.74',12805140,'45.74',-0.001964,'AAPL',3736,38),
 ('2005-08-29','45.27','47.17','45.26','46.22',12548280,'46.22',0.010494,'AAPL',3735,38),
 ('2005-09-06','46.70','51.35','46.55','51.31',27678350,'51.31',0.110125,'AAPL',3734,38),
 ('2005-09-12','51.10','51.63','49.33','51.21',17330480,'51.21',-0.001949,'AAPL',3733,38),
 ('2005-09-19','51.05','53.81','51.05','53.20',21860660,'53.20',0.038860,'AAPL',3732,38);
INSERT INTO `quotes` (`date`,`open`,`high`,`low`,`close`,`volume`,`adjusted_close`,`rate_of_return`,`ticker`,`id`,`profile_id`) VALUES 
 ('2005-09-26','54.03','54.56','50.59','53.61',22730640,'53.61',0.007707,'AAPL',3731,38),
 ('2005-10-03','54.16','55.35','50.55','51.30',22094300,'51.30',-0.043089,'AAPL',3730,38),
 ('2005-10-10','51.76','54.35','47.87','54.00',52371460,'54.00',0.052632,'AAPL',3729,38),
 ('2005-10-17','53.98','56.98','51.21','55.66',31354240,'55.66',0.030741,'AAPL',3728,38),
 ('2005-10-24','55.25','57.56','54.17','54.47',20627160,'54.47',-0.021380,'AAPL',3727,38),
 ('2005-10-31','55.20','62.32','54.75','61.15',30785780,'61.15',0.122636,'AAPL',3726,38),
 ('2005-11-07','60.85','62.11','59.01','61.54',19688000,'61.54',0.006378,'AAPL',3725,38),
 ('2005-11-14','61.54','65.88','60.91','64.56',20660420,'64.56',0.049074,'AAPL',3724,38),
 ('2005-11-21','64.82','69.54','63.72','69.34',17257675,'69.34',0.074040,'AAPL',3723,38),
 ('2005-11-28','70.72','72.74','67.35','72.63',30102020,'72.63',0.047447,'AAPL',3722,38),
 ('2005-12-05','71.95','74.83','71.49','74.33',24757500,'74.33',0.023406,'AAPL',3721,38);
INSERT INTO `quotes` (`date`,`open`,`high`,`low`,`close`,`volume`,`adjusted_close`,`rate_of_return`,`ticker`,`id`,`profile_id`) VALUES 
 ('2005-12-12','74.87','75.46','70.27','71.11',26441860,'71.11',-0.043320,'AAPL',3720,38),
 ('2005-12-19','71.11','74.49','71.04','73.35',14890060,'73.35',0.031500,'AAPL',3719,38),
 ('2005-12-27','74.00','75.18','70.34','71.89',18776725,'71.89',-0.019905,'AAPL',3718,38),
 ('2006-01-03','72.38','76.70','72.25','76.30',23042125,'76.30',0.061344,'AAPL',3717,38),
 ('2006-01-09','76.73','86.40','75.74','85.59',46470140,'85.59',0.121756,'AAPL',3716,38),
 ('2005-06-20','76.03','77.49','74.00','74.01',6657960,'73.66',-0.031044,'IBM',3714,34),
 ('2005-06-27','74.01','75.68','73.45','74.67',6135560,'74.31',0.008824,'IBM',3713,34),
 ('2005-07-05','74.38','79.52','74.16','79.30',9347200,'78.92',0.062037,'IBM',3712,34),
 ('2005-07-11','79.40','82.75','78.52','82.38',9132500,'81.99',0.038900,'IBM',3711,34),
 ('2005-07-18','81.99','85.11','81.68','84.44',9002840,'84.04',0.025003,'IBM',3710,34),
 ('2005-07-25','83.98','84.52','82.81','83.46',4876580,'83.06',-0.011661,'IBM',3709,34);
INSERT INTO `quotes` (`date`,`open`,`high`,`low`,`close`,`volume`,`adjusted_close`,`rate_of_return`,`ticker`,`id`,`profile_id`) VALUES 
 ('2005-08-01','83.00','84.20','82.73','83.36',4453140,'82.96',-0.001204,'IBM',3708,34),
 ('2005-08-08','83.41','84.01','81.62','82.19',4513760,'81.99',-0.011692,'IBM',3707,34),
 ('2005-08-15','81.90','83.30','80.80','82.76',4577160,'82.56',0.006952,'IBM',3706,34),
 ('2005-08-22','82.75','83.35','80.26','80.38',4442100,'80.19',-0.028706,'IBM',3705,34),
 ('2005-08-29','80.00','81.75','79.34','79.46',5034300,'79.27',-0.011473,'IBM',3704,34),
 ('2005-09-06','79.70','81.52','79.70','81.44',4670325,'81.25',0.024978,'IBM',3703,34),
 ('2005-09-12','81.03','82.11','79.67','80.33',5022080,'80.14',-0.013662,'IBM',3702,34),
 ('2005-09-19','79.74','79.98','77.30','78.00',6340360,'77.81',-0.029074,'IBM',3701,34),
 ('2005-09-26','78.31','80.55','76.93','80.22',6023340,'80.03',0.028531,'IBM',3700,34),
 ('2005-10-03','80.22','81.47','78.70','80.50',6184360,'80.31',0.003499,'IBM',3699,34),
 ('2005-10-10','81.24','83.52','81.08','82.35',7269860,'82.15',0.022911,'IBM',3698,34);
INSERT INTO `quotes` (`date`,`open`,`high`,`low`,`close`,`volume`,`adjusted_close`,`rate_of_return`,`ticker`,`id`,`profile_id`) VALUES 
 ('2005-10-17','82.36','84.60','81.93','83.33',7857220,'83.13',0.011929,'IBM',3697,34),
 ('2005-10-24','83.15','83.95','80.50','81.42',5158680,'81.23',-0.022856,'IBM',3696,34),
 ('2005-10-31','81.51','83.30','80.64','83.00',6230800,'82.80',0.019328,'IBM',3695,34),
 ('2005-11-07','83.10','84.84','82.30','84.55',4352520,'84.55',0.021135,'IBM',3694,34),
 ('2005-11-14','84.25','88.00','84.03','87.77',6143900,'87.77',0.038084,'IBM',3693,34),
 ('2005-11-21','87.60','89.39','86.88','88.80',4548275,'88.80',0.011735,'IBM',3692,34),
 ('2005-11-28','88.80','89.94','88.36','88.65',5153080,'88.65',-0.001689,'IBM',3691,34),
 ('2005-12-05','88.40','89.92','86.33','86.97',5285560,'86.97',-0.018951,'IBM',3690,34),
 ('2005-12-12','87.01','87.35','82.75','83.37',7861060,'83.37',-0.041394,'IBM',3689,34),
 ('2005-12-19','83.23','84.20','82.06','83.48',5459640,'83.48',0.001319,'IBM',3688,34),
 ('2005-12-27','83.48','84.50','81.56','82.20',4405500,'82.20',-0.015333,'IBM',3687,34);
INSERT INTO `quotes` (`date`,`open`,`high`,`low`,`close`,`volume`,`adjusted_close`,`rate_of_return`,`ticker`,`id`,`profile_id`) VALUES 
 ('2006-01-03','82.45','85.03','80.81','84.95',9239550,'84.95',0.033455,'IBM',3686,34),
 ('2006-01-09','83.90','84.81','82.50','83.17',6034640,'83.17',-0.020954,'IBM',3685,34);
/*!40000 ALTER TABLE `quotes` ENABLE KEYS */;


--
-- Table structure for table `evolution_development`.`risk_free_rates`
--

DROP TABLE IF EXISTS `risk_free_rates`;
CREATE TABLE `risk_free_rates` (
  `date` date NOT NULL default '0000-00-00',
  `t_bill_rate` float(10,4) default NULL,
  `id` int(10) NOT NULL auto_increment,
  PRIMARY KEY  (`id`)
) ENGINE=MyISAM DEFAULT CHARSET=latin1 COMMENT='InnoDB free: 10240 kB; InnoDB free: 9216 kB; InnoDB free: 92';

--
-- Dumping data for table `evolution_development`.`risk_free_rates`
--

/*!40000 ALTER TABLE `risk_free_rates` DISABLE KEYS */;
/*!40000 ALTER TABLE `risk_free_rates` ENABLE KEYS */;


--
-- Table structure for table `evolution_development`.`users`
--

DROP TABLE IF EXISTS `users`;
CREATE TABLE `users` (
  `id` int(11) NOT NULL auto_increment,
  `name` varchar(100) NOT NULL,
  `hashed_password` char(40) default NULL,
  PRIMARY KEY  (`id`)
) ENGINE=MyISAM DEFAULT CHARSET=latin1;

--
-- Dumping data for table `evolution_development`.`users`
--

/*!40000 ALTER TABLE `users` DISABLE KEYS */;
INSERT INTO `users` (`id`,`name`,`hashed_password`) VALUES 
 (2,'sky','68a99c354b2d091b0995fbe7f5a4741c6933f4d8'),
 (10,'test','a94a8fe5ccb19ba61c4c0873d391e987982fbbd3');
/*!40000 ALTER TABLE `users` ENABLE KEYS */;

--
-- Create schema evolution_production
--

CREATE DATABASE /*!32312 IF NOT EXISTS*/ evolution_production;
USE evolution_production;
--
-- Create schema evolution_test
--

CREATE DATABASE /*!32312 IF NOT EXISTS*/ evolution_test;
USE evolution_test;

--
-- Table structure for table `evolution_test`.`investor_performances`
--

DROP TABLE IF EXISTS `investor_performances`;
CREATE TABLE `investor_performances` (
  `investor_id` int(10) NOT NULL default '0',
  `date` date NOT NULL default '0000-00-00',
  `pm_id` int(10) default NULL,
  `actualized_return` float(10,4) default NULL,
  PRIMARY KEY  (`investor_id`,`date`),
  KEY `fk_ip_pm_id` (`pm_id`)
) ENGINE=MEMORY DEFAULT CHARSET=latin1 COMMENT='InnoDB free: 9216 kB; InnoDB free: 9216 kB; (`investor_id`) ';

--
-- Dumping data for table `evolution_test`.`investor_performances`
--

/*!40000 ALTER TABLE `investor_performances` DISABLE KEYS */;
/*!40000 ALTER TABLE `investor_performances` ENABLE KEYS */;


--
-- Table structure for table `evolution_test`.`investors`
--

DROP TABLE IF EXISTS `investors`;
CREATE TABLE `investors` (
  `id` int(10) NOT NULL auto_increment,
  `memory` int(10) default NULL,
  `tax_rate` float(10,4) default NULL,
  `confidence` int(10) default NULL,
  `cost` float(10,4) default '0.0000',
  PRIMARY KEY  (`id`)
) ENGINE=MyISAM DEFAULT CHARSET=latin1 COMMENT='InnoDB free: 9216 kB; InnoDB free: 8192 kB';

--
-- Dumping data for table `evolution_test`.`investors`
--

/*!40000 ALTER TABLE `investors` DISABLE KEYS */;
/*!40000 ALTER TABLE `investors` ENABLE KEYS */;


--
-- Table structure for table `evolution_test`.`pm_performances`
--

DROP TABLE IF EXISTS `pm_performances`;
CREATE TABLE `pm_performances` (
  `pm_id` int(10) NOT NULL default '0',
  `optimized_date` date NOT NULL default '0000-00-00',
  `actualized_return` float(10,4) default NULL,
  `actualized_date` date NOT NULL default '0000-00-00',
  PRIMARY KEY  (`pm_id`,`actualized_date`),
  KEY `Index_2` (`pm_id`)
) ENGINE=MEMORY DEFAULT CHARSET=latin1 COMMENT='InnoDB free: 9216 kB; InnoDB free: 9216 kB; (`pm_id`) REFER ';

--
-- Dumping data for table `evolution_test`.`pm_performances`
--

/*!40000 ALTER TABLE `pm_performances` DISABLE KEYS */;
/*!40000 ALTER TABLE `pm_performances` ENABLE KEYS */;


--
-- Table structure for table `evolution_test`.`pms`
--

DROP TABLE IF EXISTS `pms`;
CREATE TABLE `pms` (
  `id` int(10) NOT NULL auto_increment,
  `memory` int(10) default NULL,
  `confidence` int(10) default NULL,
  `fearness` float(10,4) default NULL,
  `model` int(10) default NULL,
  `scope` int(10) default NULL,
  PRIMARY KEY  (`id`)
) ENGINE=MyISAM DEFAULT CHARSET=latin1 COMMENT='InnoDB free: 9216 kB; InnoDB free: 9216 kB; InnoDB free: 921';

--
-- Dumping data for table `evolution_test`.`pms`
--

/*!40000 ALTER TABLE `pms` DISABLE KEYS */;
INSERT INTO `pms` (`id`,`memory`,`confidence`,`fearness`,`model`,`scope`) VALUES 
 (2,2,2,NULL,NULL,NULL),
 (4,3,3,NULL,NULL,NULL),
 (5,4,4,NULL,NULL,NULL),
 (6,5,5,NULL,NULL,NULL),
 (7,6,6,NULL,NULL,NULL),
 (8,7,7,NULL,NULL,NULL),
 (9,8,8,NULL,NULL,NULL),
 (10,9,9,NULL,NULL,NULL),
 (11,10,10,NULL,NULL,NULL),
 (12,11,11,NULL,NULL,NULL);
/*!40000 ALTER TABLE `pms` ENABLE KEYS */;


--
-- Table structure for table `evolution_test`.`portfolio_items`
--

DROP TABLE IF EXISTS `portfolio_items`;
CREATE TABLE `portfolio_items` (
  `pm_id` int(10) NOT NULL default '0',
  `date` date NOT NULL default '0000-00-00',
  `ticker` varchar(10) NOT NULL default '',
  `fraction` float(10,4) default NULL,
  `quantity` int(10) default NULL,
  `locale` varchar(10) default '',
  `book_value` float(20,4) default NULL,
  `market_value` float(20,4) default NULL,
  `id` int(20) NOT NULL auto_increment,
  PRIMARY KEY  (`id`),
  KEY `FK_portfolios_pm_id` (`pm_id`),
  KEY `FK_portfolio_quote` (`date`,`ticker`)
) ENGINE=MEMORY DEFAULT CHARSET=latin1 COMMENT='InnoDB free: 9216 kB; InnoDB free: 9216 kB; InnoDB free: 921';

--
-- Dumping data for table `evolution_test`.`portfolio_items`
--

/*!40000 ALTER TABLE `portfolio_items` DISABLE KEYS */;
/*!40000 ALTER TABLE `portfolio_items` ENABLE KEYS */;


--
-- Table structure for table `evolution_test`.`quotes`
--

DROP TABLE IF EXISTS `quotes`;
CREATE TABLE `quotes` (
  `date` date NOT NULL default '0000-00-00',
  `open` decimal(10,2) default NULL,
  `high` decimal(10,2) default NULL,
  `low` decimal(10,2) default NULL,
  `close` decimal(10,2) default NULL,
  `volume` int(20) default NULL,
  `adjusted_close` decimal(10,2) default '0.00',
  `rate_of_return` float(10,6) default NULL,
  `ticker` varchar(10) NOT NULL default '',
  `segment` varchar(45) default '',
  PRIMARY KEY  (`date`,`ticker`)
) ENGINE=MEMORY DEFAULT CHARSET=latin1 COMMENT='temporal raw data; InnoDB free: 9216 kB; InnoDB free: 8192 k';

--
-- Dumping data for table `evolution_test`.`quotes`
--

/*!40000 ALTER TABLE `quotes` DISABLE KEYS */;
/*!40000 ALTER TABLE `quotes` ENABLE KEYS */;


--
-- Table structure for table `evolution_test`.`risk_free_rates`
--

DROP TABLE IF EXISTS `risk_free_rates`;
CREATE TABLE `risk_free_rates` (
  `date` date NOT NULL default '0000-00-00',
  `t_bill_rate` float(10,4) default NULL,
  `id` int(10) NOT NULL auto_increment,
  PRIMARY KEY  (`id`)
) ENGINE=MyISAM DEFAULT CHARSET=latin1 COMMENT='InnoDB free: 10240 kB; InnoDB free: 9216 kB; InnoDB free: 92';

--
-- Dumping data for table `evolution_test`.`risk_free_rates`
--

/*!40000 ALTER TABLE `risk_free_rates` DISABLE KEYS */;
/*!40000 ALTER TABLE `risk_free_rates` ENABLE KEYS */;


--
-- Table structure for table `evolution_test`.`users`
--

DROP TABLE IF EXISTS `users`;
CREATE TABLE `users` (
  `id` int(11) NOT NULL auto_increment,
  `name` varchar(100) NOT NULL,
  `hashed_password` char(40) default NULL,
  PRIMARY KEY  (`id`)
) ENGINE=MyISAM DEFAULT CHARSET=latin1 COMMENT='InnoDB free: 8192 kB';

--
-- Dumping data for table `evolution_test`.`users`
--

/*!40000 ALTER TABLE `users` DISABLE KEYS */;
INSERT INTO `users` (`id`,`name`,`hashed_password`) VALUES 
 (1,'sky','68a99c354b2d091b0995fbe7f5a4741c6933f4d8');
/*!40000 ALTER TABLE `users` ENABLE KEYS */;

/*!40101 SET SQL_MODE=@OLD_SQL_MODE */;
/*!40014 SET FOREIGN_KEY_CHECKS=@OLD_FOREIGN_KEY_CHECKS */;
/*!40014 SET UNIQUE_CHECKS=@OLD_UNIQUE_CHECKS */;
/*!40101 SET CHARACTER_SET_CLIENT=@OLD_CHARACTER_SET_CLIENT */;
/*!40101 SET CHARACTER_SET_RESULTS=@OLD_CHARACTER_SET_RESULTS */;
/*!40101 SET COLLATION_CONNECTION=@OLD_COLLATION_CONNECTION */;
/*!40101 SET CHARACTER_SET_CLIENT=@OLD_CHARACTER_SET_CLIENT */;
